player_type,team,opponent,player_name,mlb_id,lineup_spot,pos,lineup_status,proj_pa,proj_ip,proj_outs,proj_runs_allowed,proj_hits_allowed,proj_strikeouts,proj_walks,proj_hits,proj_runs,proj_rbi,proj_hrrbi,proj_hr,used_fallback,confidence_score,proj_pa_confidence_score,proj_hits_confidence_score,proj_hr_confidence_score,proj_strikeouts_confidence_score,proj_runs_confidence_score,proj_rbi_confidence_score,proj_hrrbi_confidence_score,proj_walks_confidence_score,confidence,proj_pa_confidence,proj_hits_confidence,proj_hr_confidence,proj_strikeouts_confidence,proj_runs_confidence,proj_rbi_confidence,proj_hrrbi_confidence,proj_walks_confidence,game_date
pitcher,CLE,TB,Gavin Williams,668909,,,,,5.66,17.0,2.79,5.29,4.11,1.61,,,,,,,,,,,,,,,,,,,,,,,,,2026-04-29
pitcher,TB,CLE,Drew Rasmussen,656876,,,,,5.05,15.0,2.39,4.8,3.8,1.33,,,,,,,,,,,,,,,,,,,,,,,,,2026-04-29
pitcher,CWS,LAA,Erick Fedde,607200,,,,,3.66,11.0,2.25,4.03,3.09,1.38,,,,,,,,,,,,,,,,,,,,,,,,,2026-04-29
pitcher,LAA,CWS,Yusei Kikuchi,579328,,,,,3.92,12.0,3.1,6.9,4.58,1.96,,,,,,,,,,,,,,,,,,,,,,,,,2026-04-29
pitcher,MIN,SEA,Taj Bradley,671737,,,,,4.94,15.0,3.2,5.55,4.26,1.48,,,,,,,,,,,,,,,,,,,,,,,,,2026-04-29
pitcher,SEA,MIN,George Kirby,669923,,,,,6.26,19.0,2.4,5.37,4.59,1.27,,,,,,,,,,,,,,,,,,,,,,,,,2026-04-29
pitcher,TEX,NYY,Nathan Eovaldi,543135,,,,,6.58,20.0,2.94,5.85,4.85,0.95,,,,,,,,,,,,,,,,,,,,,,,,,2026-04-29
pitcher,TOR,BOS,Eric Lauer,641778,,,,,4.18,13.0,2.75,4.92,2.65,2.01,,,,,,,,,,,,,,,,,,,,,,,,,2026-04-29
pitcher,BOS,TOR,Brayan Bello,678394,,,,,4.45,13.0,2.75,5.73,4.13,1.32,,,,,,,,,,,,,,,,,,,,,,,,,2026-04-29
pitcher,LAD,MIA,Tyler Glasnow,607192,,,,,5.54,17.0,2.07,4.31,6.21,1.45,,,,,,,,,,,,,,,,,,,,,,,,,2026-04-29
pitcher,MIA,LAD,Sandy Alcantara,645261,,,,,5.84,18.0,2.65,6.19,3.79,1.22,,,,,,,,,,,,,,,,,,,,,,,,,2026-04-29
pitcher,SD,CHC,Matt Waldron,663362,,,,,4.33,13.0,2.59,4.84,3.31,2.06,,,,,,,,,,,,,,,,,,,,,,,,,2026-04-29
pitcher,CHC,SD,Jameson Taillon,592791,,,,,4.66,14.0,2.7,5.1,4.61,1.54,,,,,,,,,,,,,,,,,,,,,,,,,2026-04-29
pitcher,CIN,COL,Brandon Williamson,682227,,,,,4.92,15.0,3.09,6.47,5.63,1.78,,,,,,,,,,,,,,,,,,,,,,,,,2026-04-29
pitcher,COL,CIN,Tomoyuki Sugano,608372,,,,,4.62,14.0,2.62,6.45,3.88,0.93,,,,,,,,,,,,,,,,,,,,,,,,,2026-04-29
pitcher,PIT,STL,Bubba Chandler,696149,,,,,3.52,11.0,2.96,4.81,3.98,1.77,,,,,,,,,,,,,,,,,,,,,,,,,2026-04-29
pitcher,STL,PIT,Andre Pallante,669467,,,,,5.07,15.0,2.92,6.13,5.67,1.02,,,,,,,,,,,,,,,,,,,,,,,,,2026-04-29
pitcher,NYM,WSH,David Peterson,656849,,,,,5.12,15.0,2.75,4.01,4.58,3.42,,,,,,,,,,,,,,,,,,,,,,,,,2026-04-29
pitcher,WSH,NYM,Cade Cavalli,676917,,,,,4.33,13.0,2.27,4.95,3.62,1.48,,,,,,,,,,,,,,,,,,,,,,,,,2026-04-29
pitcher,ATL,DET,JR Ritchie,702275,,,,,4.78,14.0,2.04,3.93,4.57,1.17,,,,,,,,,,,,,,,,,,,,,,,,,2026-04-29
pitcher,DET,ATL,Tarik Skubal,669373,,,,,5.37,16.0,2.47,5.88,3.73,1.01,,,,,,,,,,,,,,,,,,,,,,,,,2026-04-29
pitcher,MIL,AZ,Brandon Sproat,687075,,,,,5.38,16.0,2.26,3.95,4.98,1.85,,,,,,,,,,,,,,,,,,,,,,,,,2026-04-29
pitcher,AZ,MIL,Eduardo Rodriguez,593958,,,,,5.59,17.0,3.13,5.84,5.92,2.04,,,,,,,,,,,,,,,,,,,,,,,,,2026-04-29
pitcher,ATH,KC,Luis Severino,622663,,,,,6.21,19.0,2.37,5.54,4.48,0.99,,,,,,,,,,,,,,,,,,,,,,,,,2026-04-29
pitcher,KC,ATH,Michael Wacha,608379,,,,,5.37,16.0,2.58,4.98,5.07,1.71,,,,,,,,,,,,,,,,,,,,,,,,,2026-04-29
hitter,CLE,TB,Steven Kwan,680757,1.0,CF,Confirmed,4.36,,,,,0.44,0.7,1.02,0.57,0.37,1.96,0.05,False,96.0,99.0,96.0,88.0,93.0,91.0,91.0,92.0,94.0,high,high,high,high,high,high,high,high,high,2026-04-29
hitter,CLE,TB,Chase DeLauter,800050,2.0,RF,Confirmed,4.21,,,,,1.19,0.14,1.0,0.45,0.36,1.81,0.05,False,96.0,99.0,96.0,88.0,93.0,91.0,91.0,92.0,94.0,high,high,high,high,high,high,high,high,high,2026-04-29
hitter,CLE,TB,José Ramírez,608070,3.0,DH,Confirmed,4.11,,,,,0.41,0.14,0.49,0.25,0.22,0.96,0.05,False,96.0,99.0,96.0,88.0,93.0,91.0,91.0,92.0,94.0,high,high,high,high,high,high,high,high,high,2026-04-29
hitter,CLE,TB,Kyle Manzardo,700932,4.0,1B,Confirmed,4.0,,,,,0.95,0.13,0.48,0.24,0.21,0.94,0.05,False,96.0,99.0,96.0,88.0,93.0,91.0,91.0,92.0,94.0,high,high,high,high,high,high,high,high,high,2026-04-29
hitter,CLE,TB,Daniel Schneemann,682177,5.0,3B,Confirmed,3.93,,,,,0.95,0.13,0.93,0.42,0.38,1.73,0.05,False,96.0,99.0,96.0,88.0,93.0,91.0,91.0,92.0,94.0,high,high,high,high,high,high,high,high,high,2026-04-29
hitter,CLE,TB,Angel Martínez,682657,6.0,LF,Confirmed,3.82,,,,,0.92,0.13,0.9,0.36,0.37,1.62,0.05,False,96.0,99.0,96.0,88.0,93.0,91.0,91.0,92.0,94.0,high,high,high,high,high,high,high,high,high,2026-04-29
hitter,CLE,TB,Travis Bazzana,683953,7.0,2B,Confirmed,3.75,,,,,0.89,1.05,0.45,0.35,0.18,0.98,0.04,False,96.0,99.0,96.0,88.0,93.0,91.0,91.0,92.0,94.0,high,high,high,high,high,high,high,high,high,2026-04-29
hitter,CLE,TB,Bo Naylor,666310,8.0,C,Confirmed,3.68,,,,,1.38,0.12,0.44,0.2,0.17,0.81,0.04,False,96.0,99.0,96.0,88.0,93.0,91.0,91.0,92.0,94.0,high,high,high,high,high,high,high,high,high,2026-04-29
hitter,CLE,TB,Brayan Rocchio,677587,9.0,SS,Confirmed,3.86,,,,,0.39,0.13,0.46,0.21,0.18,0.85,0.04,False,96.0,99.0,96.0,88.0,93.0,91.0,91.0,92.0,94.0,high,high,high,high,high,high,high,high,high,2026-04-29
hitter,TB,CLE,Chandler Simpson,802415,1.0,LF,Confirmed,4.72,,,,,0.47,0.84,1.08,0.62,0.39,2.09,0.05,False,96.0,99.0,96.0,88.0,93.0,91.0,91.0,92.0,94.0,high,high,high,high,high,high,high,high,high,2026-04-29
hitter,TB,CLE,Junior Caminero,691406,2.0,3B,Confirmed,4.56,,,,,0.46,0.15,0.55,0.28,0.21,1.04,0.05,False,96.0,99.0,96.0,88.0,93.0,91.0,91.0,92.0,94.0,high,high,high,high,high,high,high,high,high,2026-04-29
hitter,TB,CLE,Jonathan Aranda,666018,3.0,1B,Confirmed,4.45,,,,,1.06,0.15,1.03,0.47,0.42,1.92,0.05,False,96.0,99.0,96.0,88.0,93.0,91.0,91.0,92.0,94.0,high,high,high,high,high,high,high,high,high,2026-04-29
hitter,TB,CLE,Yandy Díaz,650490,4.0,DH,Confirmed,4.33,,,,,1.02,0.14,1.0,0.45,0.41,1.86,0.05,False,96.0,99.0,96.0,88.0,93.0,91.0,91.0,92.0,94.0,high,high,high,high,high,high,high,high,high,2026-04-29
hitter,TB,CLE,Jake Fraley,641584,5.0,RF,Confirmed,4.25,,,,,1.12,0.85,1.1,0.63,0.44,2.16,0.05,False,96.0,99.0,96.0,88.0,93.0,91.0,91.0,92.0,94.0,high,high,high,high,high,high,high,high,high,2026-04-29
hitter,TB,CLE,Cedric Mullins,656775,6.0,CF,Confirmed,4.14,,,,,1.86,0.14,0.5,0.22,0.22,0.94,0.05,False,96.0,99.0,96.0,88.0,93.0,91.0,91.0,92.0,94.0,high,high,high,high,high,high,high,high,high,2026-04-29
hitter,TB,CLE,Richie Palacios,680700,7.0,3B,Confirmed,4.06,,,,,1.84,0.14,0.49,0.22,0.19,0.89,0.05,False,96.0,99.0,96.0,88.0,93.0,91.0,91.0,92.0,94.0,high,high,high,high,high,high,high,high,high,2026-04-29
hitter,TB,CLE,Hunter Feduccia,676439,8.0,C,Confirmed,3.98,,,,,2.48,0.13,0.48,0.21,0.19,0.88,0.05,False,96.0,99.0,96.0,88.0,93.0,91.0,91.0,92.0,94.0,high,high,high,high,high,high,high,high,high,2026-04-29
hitter,TB,CLE,Taylor Walls,670764,9.0,SS,Confirmed,4.18,,,,,0.42,1.17,0.5,0.39,0.2,1.09,0.05,False,96.0,99.0,96.0,88.0,93.0,91.0,91.0,92.0,94.0,high,high,high,high,high,high,high,high,high,2026-04-29
hitter,CWS,LAA,Chase Meidroth,805367,1.0,2B,Confirmed,4.52,,,,,2.14,0.15,0.54,0.28,0.21,1.03,0.05,False,96.0,99.0,96.0,88.0,93.0,91.0,91.0,92.0,94.0,high,high,high,high,high,high,high,high,high,2026-04-29
hitter,CWS,LAA,Miguel Vargas,678246,2.0,3B,Confirmed,4.38,,,,,1.04,1.23,1.01,0.66,0.36,2.03,0.05,False,96.0,99.0,96.0,88.0,93.0,91.0,91.0,92.0,94.0,high,high,high,high,high,high,high,high,high,2026-04-29
hitter,CWS,LAA,Munetaka Murakami,808959,3.0,1B,Confirmed,4.27,,,,,1.86,0.15,1.55,0.68,0.61,2.84,0.05,False,96.0,99.0,96.0,88.0,93.0,91.0,91.0,92.0,94.0,high,high,high,high,high,high,high,high,high,2026-04-29
hitter,CWS,LAA,Austin Hays,669720,4.0,DH,Confirmed,4.15,,,,,0.42,0.14,0.5,0.25,0.22,0.97,0.05,False,96.0,99.0,96.0,88.0,93.0,91.0,91.0,92.0,94.0,high,high,high,high,high,high,high,high,high,2026-04-29
hitter,CWS,LAA,Colson Montgomery,695657,5.0,SS,Confirmed,4.08,,,,,1.12,0.14,1.55,0.96,1.02,3.53,0.55,False,96.0,99.0,96.0,88.0,93.0,91.0,91.0,92.0,94.0,high,high,high,high,high,high,high,high,high,2026-04-29
hitter,CWS,LAA,Edgar Quero,700337,6.0,C,Confirmed,3.97,,,,,0.94,0.13,0.92,0.37,0.37,1.66,0.05,False,96.0,99.0,96.0,88.0,93.0,91.0,91.0,92.0,94.0,high,high,high,high,high,high,high,high,high,2026-04-29
hitter,CWS,LAA,Derek Hill,656537,7.0,RF,Confirmed,3.89,,,,,0.39,0.13,0.47,0.21,0.18,0.86,0.05,False,96.0,99.0,96.0,88.0,93.0,91.0,91.0,92.0,94.0,high,high,high,high,high,high,high,high,high,2026-04-29
hitter,CWS,LAA,Luisangel Acuña,682668,8.0,CF,Confirmed,3.82,,,,,0.38,0.8,0.99,0.5,0.35,1.84,0.04,False,96.0,99.0,96.0,88.0,93.0,91.0,91.0,92.0,94.0,high,high,high,high,high,high,high,high,high,2026-04-29
hitter,CWS,LAA,Sam Antonacci,803011,9.0,LF,Confirmed,4.01,,,,,0.4,0.13,1.02,0.4,0.36,1.79,0.05,False,96.0,99.0,96.0,88.0,93.0,91.0,91.0,92.0,94.0,high,high,high,high,high,high,high,high,high,2026-04-29
hitter,LAA,CWS,Zach Neto,687263,1.0,SS,Confirmed,4.82,,,,,2.75,0.16,1.0,0.46,0.36,1.83,0.06,False,96.0,99.0,96.0,88.0,93.0,91.0,91.0,92.0,94.0,high,high,high,high,high,high,high,high,high,2026-04-29
hitter,LAA,CWS,Mike Trout,545361,2.0,DH,Confirmed,4.66,,,,,1.03,1.18,0.98,0.65,0.36,1.98,0.06,False,96.0,99.0,96.0,88.0,93.0,91.0,91.0,92.0,94.0,high,high,high,high,high,high,high,high,high,2026-04-29
hitter,LAA,CWS,Yoán Moncada,660162,3.0,3B,Confirmed,4.54,,,,,1.97,0.15,0.54,0.28,0.24,1.06,0.05,False,96.0,99.0,96.0,88.0,93.0,91.0,91.0,92.0,94.0,high,high,high,high,high,high,high,high,high,2026-04-29
hitter,LAA,CWS,Jorge Soler,624585,4.0,RF,Confirmed,4.42,,,,,1.68,0.79,1.05,0.6,0.42,2.07,0.05,False,96.0,99.0,96.0,88.0,93.0,91.0,91.0,92.0,94.0,high,high,high,high,high,high,high,high,high,2026-04-29
hitter,LAA,CWS,Jo Adell,666176,5.0,RF,Confirmed,4.34,,,,,1.04,0.15,1.0,0.46,0.41,1.87,0.05,False,96.0,99.0,96.0,88.0,93.0,91.0,91.0,92.0,94.0,high,high,high,high,high,high,high,high,high,2026-04-29
hitter,LAA,CWS,Josh Lowe,666139,6.0,LF,Confirmed,4.23,,,,,0.42,0.14,0.98,0.57,0.68,2.23,0.39,False,96.0,99.0,96.0,88.0,93.0,91.0,91.0,92.0,94.0,high,high,high,high,high,high,high,high,high,2026-04-29
hitter,LAA,CWS,Vaughn Grissom,687093,7.0,1B,Confirmed,4.15,,,,,2.09,0.14,0.5,0.22,0.19,0.91,0.05,False,96.0,99.0,96.0,88.0,93.0,91.0,91.0,92.0,94.0,high,high,high,high,high,high,high,high,high,2026-04-29
hitter,LAA,CWS,Travis d'Arnaud,518595,8.0,C,Confirmed,4.07,,,,,0.41,0.98,1.19,0.6,0.42,2.21,0.05,False,96.0,99.0,96.0,88.0,93.0,91.0,91.0,92.0,94.0,high,high,high,high,high,high,high,high,high,2026-04-29
hitter,LAA,CWS,Adam Frazier,624428,9.0,2B,Confirmed,4.26,,,,,0.43,0.14,0.51,0.23,0.2,0.94,0.05,False,96.0,99.0,96.0,88.0,93.0,91.0,91.0,92.0,94.0,high,high,high,high,high,high,high,high,high,2026-04-29
hitter,MIN,SEA,Byron Buxton,621439,1.0,CF,Confirmed,4.18,,,,,0.87,0.14,1.39,0.89,0.83,3.11,0.54,False,96.0,99.0,96.0,88.0,93.0,91.0,91.0,92.0,94.0,high,high,high,high,high,high,high,high,high,2026-04-29
hitter,MIN,SEA,Trevor Larnach,663616,2.0,LF,Confirmed,4.04,,,,,0.4,0.13,1.06,0.48,0.38,1.91,0.05,False,96.0,99.0,96.0,88.0,93.0,91.0,91.0,92.0,94.0,high,high,high,high,high,high,high,high,high,2026-04-29
hitter,MIN,SEA,Josh Bell,605137,3.0,DH,Confirmed,3.94,,,,,1.06,0.13,1.04,0.47,0.42,1.93,0.04,False,96.0,99.0,96.0,88.0,93.0,91.0,91.0,92.0,94.0,high,high,high,high,high,high,high,high,high,2026-04-29
hitter,MIN,SEA,Ryan Jeffers,680777,4.0,C,Confirmed,3.83,,,,,0.38,0.58,1.23,0.62,0.49,2.34,0.04,False,96.0,99.0,96.0,88.0,93.0,91.0,91.0,92.0,94.0,high,high,high,high,high,high,high,high,high,2026-04-29
hitter,MIN,SEA,Kody Clemens,665019,5.0,1B,Confirmed,3.76,,,,,0.38,0.13,0.45,0.23,0.2,0.89,0.05,False,96.0,99.0,96.0,88.0,93.0,91.0,91.0,92.0,94.0,high,high,high,high,high,high,high,high,high,2026-04-29
hitter,MIN,SEA,Luke Keaschall,807712,6.0,2B,Confirmed,3.66,,,,,1.35,0.66,0.84,0.42,0.34,1.61,0.04,False,96.0,99.0,96.0,88.0,93.0,91.0,91.0,92.0,94.0,high,high,high,high,high,high,high,high,high,2026-04-29
hitter,MIN,SEA,Matt Wallner,670242,7.0,RF,Confirmed,3.59,,,,,1.18,0.12,0.43,0.19,0.17,0.79,0.04,False,96.0,99.0,96.0,88.0,93.0,91.0,91.0,92.0,94.0,high,high,high,high,high,high,high,high,high,2026-04-29
hitter,MIN,SEA,Brooks Lee,686797,8.0,SS,Confirmed,3.52,,,,,0.35,0.53,0.42,0.26,0.17,0.85,0.04,False,96.0,99.0,96.0,88.0,93.0,91.0,91.0,92.0,94.0,high,high,high,high,high,high,high,high,high,2026-04-29
hitter,MIN,SEA,Royce Lewis,668904,9.0,3B,Confirmed,3.7,,,,,0.37,0.12,0.87,0.34,0.31,1.52,0.04,False,96.0,99.0,96.0,88.0,93.0,91.0,91.0,92.0,94.0,high,high,high,high,high,high,high,high,high,2026-04-29
hitter,SEA,MIN,J.P. Crawford,641487,1.0,SS,Confirmed,4.71,,,,,0.47,0.79,0.97,0.57,0.35,1.89,0.05,False,96.0,99.0,96.0,88.0,93.0,91.0,91.0,92.0,94.0,high,high,high,high,high,high,high,high,high,2026-04-29
hitter,SEA,MIN,Cal Raleigh,663728,2.0,C,Confirmed,4.55,,,,,1.59,0.15,0.55,0.28,0.21,1.04,0.05,False,96.0,99.0,96.0,88.0,93.0,91.0,91.0,92.0,94.0,high,high,high,high,high,high,high,high,high,2026-04-29
hitter,SEA,MIN,Julio Rodríguez,677594,3.0,CF,Confirmed,4.44,,,,,0.44,0.15,1.86,0.8,0.73,3.4,0.06,False,96.0,99.0,96.0,88.0,93.0,91.0,91.0,92.0,94.0,high,high,high,high,high,high,high,high,high,2026-04-29
hitter,SEA,MIN,Josh Naylor,647304,4.0,1B,Confirmed,4.32,,,,,0.43,0.14,1.81,1.07,1.11,4.0,0.55,False,96.0,99.0,96.0,88.0,93.0,91.0,91.0,92.0,94.0,high,high,high,high,high,high,high,high,high,2026-04-29
hitter,SEA,MIN,Randy Arozarena,668227,5.0,LF,Confirmed,4.24,,,,,0.89,0.64,1.37,0.7,0.54,2.61,0.05,False,96.0,99.0,96.0,88.0,93.0,91.0,91.0,92.0,94.0,high,high,high,high,high,high,high,high,high,2026-04-29
hitter,SEA,MIN,Luke Raley,670042,6.0,RF,Confirmed,4.13,,,,,1.11,0.14,0.5,0.22,0.22,0.94,0.05,False,96.0,99.0,96.0,88.0,93.0,91.0,91.0,92.0,94.0,high,high,high,high,high,high,high,high,high,2026-04-29
hitter,SEA,MIN,Dominic Canzone,686527,7.0,DH,Confirmed,4.05,,,,,2.2,0.13,0.49,0.22,0.19,0.89,0.05,False,96.0,99.0,96.0,88.0,93.0,91.0,91.0,92.0,94.0,high,high,high,high,high,high,high,high,high,2026-04-29
hitter,SEA,MIN,Cole Young,702284,8.0,2B,Confirmed,3.97,,,,,0.4,0.13,1.67,0.63,0.57,2.87,0.05,False,96.0,99.0,96.0,88.0,93.0,91.0,91.0,92.0,94.0,high,high,high,high,high,high,high,high,high,2026-04-29
hitter,SEA,MIN,Will Wilson,669717,9.0,3B,Confirmed,4.17,,,,,0.42,0.14,1.29,0.73,0.78,2.8,0.51,False,96.0,99.0,96.0,88.0,93.0,91.0,91.0,92.0,94.0,high,high,high,high,high,high,high,high,high,2026-04-29
hitter,TEX,NYY,Brandon Nimmo,607043,1.0,RF,Confirmed,4.23,,,,,1.26,0.14,1.19,0.53,0.42,2.14,0.05,False,82.0,86.0,82.0,74.0,79.0,77.0,77.0,78.0,80.0,high,high,high,medium,medium,medium,medium,medium,high,2026-04-29
hitter,TEX,NYY,Josh Jung,673962,2.0,3B,Confirmed,4.09,,,,,0.86,0.63,1.32,0.67,0.46,2.46,0.05,False,82.0,86.0,82.0,74.0,79.0,77.0,77.0,78.0,80.0,high,high,high,medium,medium,medium,medium,medium,high,2026-04-29
hitter,TEX,NYY,Corey Seager,608369,3.0,SS,Confirmed,3.99,,,,,1.34,0.61,0.82,0.47,0.34,1.63,0.05,False,82.0,86.0,82.0,74.0,79.0,77.0,77.0,78.0,80.0,high,high,high,medium,medium,medium,medium,medium,high,2026-04-29
hitter,TEX,NYY,Joc Pederson,592626,4.0,DH,Confirmed,3.89,,,,,0.94,0.13,0.47,0.24,0.21,0.91,0.04,False,82.0,86.0,82.0,74.0,79.0,77.0,77.0,78.0,80.0,high,high,high,medium,medium,medium,medium,medium,high,2026-04-29
hitter,TEX,NYY,Jake Burger,669394,5.0,1B,Confirmed,3.82,,,,,1.44,0.13,0.46,0.23,0.2,0.89,0.04,False,82.0,86.0,82.0,74.0,79.0,77.0,77.0,78.0,80.0,high,high,high,medium,medium,medium,medium,medium,high,2026-04-29
hitter,TEX,NYY,Evan Carter,694497,6.0,CF,Confirmed,3.71,,,,,0.37,0.13,0.45,0.2,0.2,0.84,0.04,False,82.0,86.0,82.0,74.0,79.0,77.0,77.0,78.0,80.0,high,high,high,medium,medium,medium,medium,medium,high,2026-04-29
hitter,TEX,NYY,Kyle Higashioka,543309,7.0,C,Confirmed,3.64,,,,,1.14,0.12,0.99,0.39,0.35,1.72,0.04,False,82.0,86.0,82.0,74.0,79.0,77.0,77.0,78.0,80.0,high,high,high,medium,medium,medium,medium,medium,high,2026-04-29
hitter,TEX,NYY,Alejandro Osuna,696030,8.0,RF,Confirmed,3.57,,,,,1.27,1.0,0.43,0.34,0.17,0.93,0.04,False,82.0,86.0,82.0,74.0,79.0,77.0,77.0,78.0,80.0,high,high,high,medium,medium,medium,medium,medium,high,2026-04-29
hitter,TEX,NYY,Ezequiel Duran,677649,9.0,2B,Confirmed,3.75,,,,,2.28,0.13,0.45,0.2,0.18,0.83,0.04,False,82.0,86.0,82.0,74.0,79.0,77.0,77.0,78.0,80.0,high,high,high,medium,medium,medium,medium,medium,high,2026-04-29
hitter,NYY,TEX,Trent Grisham,663757,1.0,CF,Confirmed,4.59,,,,,0.46,0.15,0.55,0.28,0.22,1.05,0.05,False,96.0,99.0,96.0,88.0,93.0,91.0,91.0,92.0,94.0,high,high,high,high,high,high,high,high,high,2026-04-29
hitter,NYY,TEX,Ben Rice,700250,2.0,1B,Confirmed,4.44,,,,,1.04,0.15,0.53,0.27,0.21,1.01,0.05,False,96.0,99.0,96.0,88.0,93.0,91.0,91.0,92.0,94.0,high,high,high,high,high,high,high,high,high,2026-04-29
hitter,NYY,TEX,Aaron Judge,592450,3.0,DH,Confirmed,4.33,,,,,1.02,0.14,1.61,0.99,1.04,3.63,0.55,False,96.0,99.0,96.0,88.0,93.0,91.0,91.0,92.0,94.0,high,high,high,high,high,high,high,high,high,2026-04-29
hitter,NYY,TEX,Cody Bellinger,641355,4.0,RF,Confirmed,4.22,,,,,0.99,0.14,0.98,0.44,0.4,1.82,0.05,False,96.0,99.0,96.0,88.0,93.0,91.0,91.0,92.0,94.0,high,high,high,high,high,high,high,high,high,2026-04-29
hitter,NYY,TEX,Jazz Chisholm Jr.,665862,5.0,2B,Confirmed,4.14,,,,,1.1,0.14,0.5,0.25,0.22,0.97,0.05,False,96.0,99.0,96.0,88.0,93.0,91.0,91.0,92.0,94.0,high,high,high,high,high,high,high,high,high,2026-04-29
hitter,NYY,TEX,Jasson Domínguez,691176,6.0,LF,Confirmed,4.03,,,,,1.08,0.13,0.48,0.21,0.21,0.91,0.05,False,96.0,99.0,96.0,88.0,93.0,91.0,91.0,92.0,94.0,high,high,high,high,high,high,high,high,high,2026-04-29
hitter,NYY,TEX,J.C. Escarra,641555,7.0,C,Confirmed,3.95,,,,,1.48,0.13,0.91,0.36,0.33,1.6,0.05,False,96.0,99.0,96.0,88.0,93.0,91.0,91.0,92.0,94.0,high,high,high,high,high,high,high,high,high,2026-04-29
hitter,NYY,TEX,Ryan McMahon,641857,8.0,3B,Confirmed,3.88,,,,,1.91,0.13,0.47,0.21,0.18,0.85,0.04,False,96.0,99.0,96.0,88.0,93.0,91.0,91.0,92.0,94.0,high,high,high,high,high,high,high,high,high,2026-04-29
hitter,NYY,TEX,José Caballero,676609,9.0,SS,Confirmed,4.07,,,,,0.41,0.14,0.49,0.22,0.19,0.9,0.05,False,96.0,99.0,96.0,88.0,93.0,91.0,91.0,92.0,94.0,high,high,high,high,high,high,high,high,high,2026-04-29
hitter,TOR,BOS,Ernie Clement,676391,1.0,2B,Confirmed,5.0,,,,,0.5,1.4,0.6,0.54,0.23,1.37,0.06,False,96.0,99.0,96.0,88.0,93.0,91.0,91.0,92.0,94.0,high,high,high,high,high,high,high,high,high,2026-04-29
hitter,TOR,BOS,Jesús Sánchez,660821,2.0,RF,Confirmed,5.0,,,,,0.5,0.17,0.6,0.3,0.23,1.14,0.06,False,96.0,99.0,96.0,88.0,93.0,91.0,91.0,92.0,94.0,high,high,high,high,high,high,high,high,high,2026-04-29
hitter,TOR,BOS,Vladimir Guerrero Jr.,665489,3.0,1B,Confirmed,5.0,,,,,0.5,0.17,1.95,0.84,0.76,3.56,0.06,False,96.0,99.0,96.0,88.0,93.0,91.0,91.0,92.0,94.0,high,high,high,high,high,high,high,high,high,2026-04-29
hitter,TOR,BOS,Kazuma Okamoto,672960,4.0,3B,Confirmed,4.96,,,,,1.18,0.17,1.2,0.54,0.49,2.24,0.06,False,96.0,99.0,96.0,88.0,93.0,91.0,91.0,92.0,94.0,high,high,high,high,high,high,high,high,high,2026-04-29
hitter,TOR,BOS,Daulton Varsho,662139,5.0,CF,Confirmed,4.88,,,,,2.39,0.16,1.37,0.61,0.55,2.53,0.06,False,96.0,99.0,96.0,88.0,93.0,91.0,91.0,92.0,94.0,high,high,high,high,high,high,high,high,high,2026-04-29
hitter,TOR,BOS,Yohendrick Piñango,682818,6.0,DH,Confirmed,4.74,,,,,0.47,0.17,0.57,0.25,0.25,1.08,0.05,False,96.0,99.0,96.0,88.0,93.0,91.0,91.0,92.0,94.0,high,high,high,high,high,high,high,high,high,2026-04-29
hitter,TOR,BOS,Myles Straw,664702,7.0,LF,Confirmed,4.65,,,,,1.08,0.81,1.02,0.52,0.37,1.9,0.05,False,96.0,99.0,96.0,88.0,93.0,91.0,91.0,92.0,94.0,high,high,high,high,high,high,high,high,high,2026-04-29
hitter,TOR,BOS,Andrés Giménez,665926,8.0,SS,Confirmed,4.57,,,,,0.46,0.15,1.07,0.42,0.38,1.87,0.05,False,96.0,99.0,96.0,88.0,93.0,91.0,91.0,92.0,94.0,high,high,high,high,high,high,high,high,high,2026-04-29
hitter,TOR,BOS,Brandon Valenzuela,678218,9.0,C,Confirmed,4.79,,,,,2.94,0.16,0.57,0.26,0.22,1.05,0.05,False,96.0,99.0,96.0,88.0,93.0,91.0,91.0,92.0,94.0,high,high,high,high,high,high,high,high,high,2026-04-29
hitter,BOS,TOR,Roman Anthony,701350,1.0,LF,Confirmed,4.95,,,,,1.34,0.17,0.59,0.3,0.23,1.13,0.06,False,96.0,99.0,96.0,88.0,93.0,91.0,91.0,92.0,94.0,high,high,high,high,high,high,high,high,high,2026-04-29
hitter,BOS,TOR,Willson Contreras,575929,2.0,1B,Confirmed,4.79,,,,,1.13,0.16,1.11,0.5,0.4,2.01,0.05,False,96.0,99.0,96.0,88.0,93.0,91.0,91.0,92.0,94.0,high,high,high,high,high,high,high,high,high,2026-04-29
hitter,BOS,TOR,Wilyer Abreu,677800,3.0,RF,Confirmed,4.67,,,,,1.82,0.98,0.56,0.44,0.25,1.25,0.05,False,96.0,99.0,96.0,88.0,93.0,91.0,91.0,92.0,94.0,high,high,high,high,high,high,high,high,high,2026-04-29
hitter,BOS,TOR,Ceddanne Rafaela,678882,4.0,CF,Confirmed,4.55,,,,,1.66,0.15,1.04,0.47,0.42,1.94,0.05,False,96.0,99.0,96.0,88.0,93.0,91.0,91.0,92.0,94.0,high,high,high,high,high,high,high,high,high,2026-04-29
hitter,BOS,TOR,Trevor Story,596115,5.0,SS,Confirmed,4.47,,,,,1.97,0.15,1.14,0.51,0.46,2.11,0.06,False,96.0,99.0,96.0,88.0,93.0,91.0,91.0,92.0,94.0,high,high,high,high,high,high,high,high,high,2026-04-29
hitter,BOS,TOR,Andruw Monasterio,655316,6.0,DH,Confirmed,4.35,,,,,0.43,0.14,0.98,0.39,0.4,1.78,0.05,False,96.0,99.0,96.0,88.0,93.0,91.0,91.0,92.0,94.0,high,high,high,high,high,high,high,high,high,2026-04-29
hitter,BOS,TOR,Connor Wong,657136,7.0,C,Confirmed,4.26,,,,,0.43,0.76,0.51,0.33,0.2,1.04,0.05,False,96.0,99.0,96.0,88.0,93.0,91.0,91.0,92.0,94.0,high,high,high,high,high,high,high,high,high,2026-04-29
hitter,BOS,TOR,Isiah Kiner-Falefa,643396,8.0,2B,Confirmed,4.18,,,,,0.99,0.14,1.4,0.54,0.49,2.42,0.05,False,96.0,99.0,96.0,88.0,93.0,91.0,91.0,92.0,94.0,high,high,high,high,high,high,high,high,high,2026-04-29
hitter,BOS,TOR,Caleb Durbin,702332,9.0,3B,Confirmed,4.39,,,,,0.44,0.15,0.53,0.23,0.21,0.97,0.05,False,96.0,99.0,96.0,88.0,93.0,91.0,91.0,92.0,94.0,high,high,high,high,high,high,high,high,high,2026-04-29
hitter,LAD,MIA,Shohei Ohtani,660271,1.0,DH,Confirmed,4.72,,,,,1.06,0.16,1.98,0.85,0.68,3.51,0.05,False,96.0,99.0,96.0,88.0,93.0,91.0,91.0,92.0,94.0,high,high,high,high,high,high,high,high,high,2026-04-29
hitter,LAD,MIA,Freddie Freeman,518692,2.0,1B,Confirmed,4.56,,,,,0.46,0.15,1.02,0.47,0.37,1.86,0.05,False,96.0,99.0,96.0,88.0,93.0,91.0,91.0,92.0,94.0,high,high,high,high,high,high,high,high,high,2026-04-29
hitter,LAD,MIA,Andy Pages,681624,3.0,CF,Confirmed,4.45,,,,,1.05,0.15,1.02,0.47,0.42,1.9,0.05,False,96.0,99.0,96.0,88.0,93.0,91.0,91.0,92.0,94.0,high,high,high,high,high,high,high,high,high,2026-04-29
hitter,LAD,MIA,Kyle Tucker,663656,4.0,RF,Confirmed,4.33,,,,,1.14,0.86,1.12,0.64,0.45,2.21,0.05,False,96.0,99.0,96.0,88.0,93.0,91.0,91.0,92.0,94.0,high,high,high,high,high,high,high,high,high,2026-04-29
hitter,LAD,MIA,Max Muncy,571970,5.0,3B,Confirmed,4.25,,,,,0.43,0.15,0.51,0.26,0.23,1.0,0.05,False,96.0,99.0,96.0,88.0,93.0,91.0,91.0,92.0,94.0,high,high,high,high,high,high,high,high,high,2026-04-29
hitter,LAD,MIA,Dalton Rushing,687221,6.0,C,Confirmed,4.14,,,,,0.98,0.14,0.5,0.22,0.22,0.94,0.05,False,96.0,99.0,96.0,88.0,93.0,91.0,91.0,92.0,94.0,high,high,high,high,high,high,high,high,high,2026-04-29
hitter,LAD,MIA,Hyeseong Kim,808975,7.0,SS,Confirmed,4.06,,,,,0.41,0.14,0.49,0.22,0.19,0.9,0.05,False,96.0,99.0,96.0,88.0,93.0,91.0,91.0,92.0,94.0,high,high,high,high,high,high,high,high,high,2026-04-29
hitter,LAD,MIA,Alex Call,669743,8.0,LF,Confirmed,3.98,,,,,0.4,0.13,1.67,0.63,0.58,2.88,0.05,False,96.0,99.0,96.0,88.0,93.0,91.0,91.0,92.0,94.0,high,high,high,high,high,high,high,high,high,2026-04-29
hitter,LAD,MIA,Alex Freeland,690976,9.0,2B,Confirmed,4.18,,,,,0.99,0.14,0.96,0.38,0.35,1.69,0.05,False,96.0,99.0,96.0,88.0,93.0,91.0,91.0,92.0,94.0,high,high,high,high,high,high,high,high,high,2026-04-29
hitter,MIA,LAD,Jakob Marsee,805300,1.0,CF,Confirmed,4.22,,,,,2.26,0.14,0.51,0.26,0.2,0.96,0.05,False,96.0,99.0,96.0,88.0,93.0,91.0,91.0,92.0,94.0,high,high,high,high,high,high,high,high,high,2026-04-29
hitter,MIA,LAD,Kyle Stowers,669065,2.0,DH,Confirmed,4.08,,,,,1.32,0.14,1.34,0.59,0.47,2.4,0.05,False,96.0,99.0,96.0,88.0,93.0,91.0,91.0,92.0,94.0,high,high,high,high,high,high,high,high,high,2026-04-29
hitter,MIA,LAD,Otto Lopez,672640,3.0,SS,Confirmed,3.98,,,,,0.99,0.14,1.67,0.72,0.65,3.05,0.05,False,96.0,99.0,96.0,88.0,93.0,91.0,91.0,92.0,94.0,high,high,high,high,high,high,high,high,high,2026-04-29
hitter,MIA,LAD,Xavier Edwards,669364,4.0,2B,Confirmed,3.88,,,,,0.39,0.82,1.03,0.59,0.42,2.03,0.05,False,96.0,99.0,96.0,88.0,93.0,91.0,91.0,92.0,94.0,high,high,high,high,high,high,high,high,high,2026-04-29
hitter,MIA,LAD,Liam Hicks,689414,5.0,C,Confirmed,3.81,,,,,1.37,0.13,0.91,0.6,0.63,2.15,0.37,False,96.0,99.0,96.0,88.0,93.0,91.0,91.0,92.0,94.0,high,high,high,high,high,high,high,high,high,2026-04-29
hitter,MIA,LAD,Connor Norby,681393,6.0,1B,Confirmed,3.7,,,,,1.45,0.13,0.86,0.34,0.35,1.55,0.04,False,96.0,99.0,96.0,88.0,93.0,91.0,91.0,92.0,94.0,high,high,high,high,high,high,high,high,high,2026-04-29
hitter,MIA,LAD,Owen Caissie,683357,7.0,RF,Confirmed,3.63,,,,,0.9,0.12,0.86,0.34,0.31,1.51,0.04,False,96.0,99.0,96.0,88.0,93.0,91.0,91.0,92.0,94.0,high,high,high,high,high,high,high,high,high,2026-04-29
hitter,MIA,LAD,Graham Pauley,688363,8.0,3B,Confirmed,3.57,,,,,0.97,0.12,0.43,0.19,0.17,0.79,0.04,False,96.0,99.0,96.0,88.0,93.0,91.0,91.0,92.0,94.0,high,high,high,high,high,high,high,high,high,2026-04-29
hitter,MIA,LAD,Esteury Ruiz,665923,9.0,RF,Confirmed,3.74,,,,,0.39,0.13,0.45,0.2,0.18,0.82,0.04,False,96.0,99.0,96.0,88.0,93.0,91.0,91.0,92.0,94.0,high,high,high,high,high,high,high,high,high,2026-04-29
hitter,SD,CHC,Jackson Merrill,701538,1.0,CF,Confirmed,4.64,,,,,2.11,0.15,0.56,0.28,0.22,1.06,0.05,False,96.0,99.0,96.0,88.0,93.0,91.0,91.0,92.0,94.0,high,high,high,high,high,high,high,high,high,2026-04-29
hitter,SD,CHC,Fernando Tatis Jr.,665487,2.0,RF,Confirmed,4.49,,,,,1.94,0.15,0.54,0.27,0.21,1.02,0.05,False,96.0,99.0,96.0,88.0,93.0,91.0,91.0,92.0,94.0,high,high,high,high,high,high,high,high,high,2026-04-29
hitter,SD,CHC,Manny Machado,592518,3.0,DH,Confirmed,4.38,,,,,0.44,0.15,1.64,0.71,0.64,2.99,0.05,False,96.0,99.0,96.0,88.0,93.0,91.0,91.0,92.0,94.0,high,high,high,high,high,high,high,high,high,2026-04-29
hitter,SD,CHC,Xander Bogaerts,593428,4.0,SS,Confirmed,4.26,,,,,1.64,0.76,0.98,0.76,0.68,2.41,0.39,False,96.0,99.0,96.0,88.0,93.0,91.0,91.0,92.0,94.0,high,high,high,high,high,high,high,high,high,2026-04-29
hitter,SD,CHC,Ty France,664034,5.0,1B,Confirmed,4.19,,,,,0.42,0.14,1.76,0.76,0.69,3.2,0.05,False,96.0,99.0,96.0,88.0,93.0,91.0,91.0,92.0,94.0,high,high,high,high,high,high,high,high,high,2026-04-29
hitter,SD,CHC,Miguel Andujar,609280,6.0,3B,Confirmed,4.07,,,,,0.41,0.69,1.13,0.53,0.45,2.11,0.05,False,96.0,99.0,96.0,88.0,93.0,91.0,91.0,92.0,94.0,high,high,high,high,high,high,high,high,high,2026-04-29
hitter,SD,CHC,Jake Cronenworth,630105,7.0,2B,Confirmed,4.0,,,,,0.4,0.14,0.48,0.21,0.19,0.88,0.05,False,96.0,99.0,96.0,88.0,93.0,91.0,91.0,92.0,94.0,high,high,high,high,high,high,high,high,high,2026-04-29
hitter,SD,CHC,Nick Castellanos,592206,8.0,LF,Confirmed,3.92,,,,,0.39,0.13,0.47,0.21,0.18,0.86,0.05,False,96.0,99.0,96.0,88.0,93.0,91.0,91.0,92.0,94.0,high,high,high,high,high,high,high,high,high,2026-04-29
hitter,SD,CHC,Luis Campusano,669134,9.0,C,Confirmed,4.11,,,,,1.85,0.14,1.05,0.42,0.37,1.84,0.05,False,96.0,99.0,96.0,88.0,93.0,91.0,91.0,92.0,94.0,high,high,high,high,high,high,high,high,high,2026-04-29
hitter,CHC,SD,Nico Hoerner,663538,1.0,SS,Confirmed,4.99,,,,,0.5,0.17,1.0,0.46,0.36,1.82,0.06,False,96.0,99.0,96.0,88.0,93.0,91.0,91.0,92.0,94.0,high,high,high,high,high,high,high,high,high,2026-04-29
hitter,CHC,SD,Moisés Ballesteros,694208,2.0,DH,Confirmed,4.83,,,,,0.48,0.74,0.58,0.4,0.23,1.21,0.06,False,96.0,99.0,96.0,88.0,93.0,91.0,91.0,92.0,94.0,high,high,high,high,high,high,high,high,high,2026-04-29
hitter,CHC,SD,Alex Bregman,608324,3.0,3B,Confirmed,4.71,,,,,0.47,0.16,1.98,0.85,0.77,3.6,0.06,False,96.0,99.0,96.0,88.0,93.0,91.0,91.0,92.0,94.0,high,high,high,high,high,high,high,high,high,2026-04-29
hitter,CHC,SD,Ian Happ,664023,4.0,LF,Confirmed,4.58,,,,,0.46,0.8,0.55,0.4,0.24,1.19,0.05,False,96.0,99.0,96.0,88.0,93.0,91.0,91.0,92.0,94.0,high,high,high,high,high,high,high,high,high,2026-04-29
hitter,CHC,SD,Michael Busch,683737,5.0,1B,Confirmed,4.5,,,,,1.47,1.08,0.54,0.45,0.24,1.23,0.05,False,96.0,99.0,96.0,88.0,93.0,91.0,91.0,92.0,94.0,high,high,high,high,high,high,high,high,high,2026-04-29
hitter,CHC,SD,Michael Conforto,624424,6.0,RF,Confirmed,4.38,,,,,0.44,0.16,0.53,0.23,0.23,0.99,0.05,False,96.0,99.0,96.0,88.0,93.0,91.0,91.0,92.0,94.0,high,high,high,high,high,high,high,high,high,2026-04-29
hitter,CHC,SD,Matt Shaw,807713,7.0,2B,Confirmed,4.3,,,,,1.13,0.14,0.52,0.23,0.2,0.95,0.05,False,96.0,99.0,96.0,88.0,93.0,91.0,91.0,92.0,94.0,high,high,high,high,high,high,high,high,high,2026-04-29
hitter,CHC,SD,Pete Crow-Armstrong,691718,8.0,CF,Confirmed,4.21,,,,,1.12,0.77,0.94,0.64,0.57,2.15,0.37,False,96.0,99.0,96.0,88.0,93.0,91.0,91.0,92.0,94.0,high,high,high,high,high,high,high,high,high,2026-04-29
hitter,CHC,SD,Miguel Amaya,665804,9.0,C,Confirmed,4.42,,,,,0.44,0.15,1.11,0.64,0.68,2.43,0.44,False,96.0,99.0,96.0,88.0,93.0,91.0,91.0,92.0,94.0,high,high,high,high,high,high,high,high,high,2026-04-29
hitter,CIN,COL,TJ Friedl,670770,1.0,CF,Confirmed,4.42,,,,,1.58,0.15,0.53,0.27,0.21,1.01,0.05,False,96.0,99.0,96.0,88.0,93.0,91.0,91.0,92.0,94.0,high,high,high,high,high,high,high,high,high,2026-04-29
hitter,CIN,COL,Matt McLain,680574,2.0,2B,Confirmed,4.28,,,,,1.94,0.14,0.51,0.26,0.2,0.97,0.05,False,96.0,99.0,96.0,88.0,93.0,91.0,91.0,92.0,94.0,high,high,high,high,high,high,high,high,high,2026-04-29
hitter,CIN,COL,Elly De La Cruz,682829,3.0,SS,Confirmed,4.17,,,,,1.22,0.14,1.75,1.04,1.09,3.88,0.55,False,96.0,99.0,96.0,88.0,93.0,91.0,91.0,92.0,94.0,high,high,high,high,high,high,high,high,high,2026-04-29
hitter,CIN,COL,Sal Stewart,701398,4.0,1B,Confirmed,4.06,,,,,1.01,0.14,1.06,0.47,0.43,1.96,0.05,False,96.0,99.0,96.0,88.0,93.0,91.0,91.0,92.0,94.0,high,high,high,high,high,high,high,high,high,2026-04-29
hitter,CIN,COL,Nathaniel Lowe,663993,5.0,DH,Confirmed,3.99,,,,,0.4,0.13,1.67,0.72,0.65,3.05,0.05,False,96.0,99.0,96.0,88.0,93.0,91.0,91.0,92.0,94.0,high,high,high,high,high,high,high,high,high,2026-04-29
hitter,CIN,COL,Spencer Steer,668715,6.0,RF,Confirmed,3.88,,,,,0.39,0.13,1.16,0.66,0.8,2.63,0.46,False,96.0,99.0,96.0,88.0,93.0,91.0,91.0,92.0,94.0,high,high,high,high,high,high,high,high,high,2026-04-29
hitter,CIN,COL,JJ Bleday,668709,7.0,LF,Confirmed,3.8,,,,,0.38,1.07,1.27,0.88,0.77,2.92,0.51,False,96.0,99.0,96.0,88.0,93.0,91.0,91.0,92.0,94.0,high,high,high,high,high,high,high,high,high,2026-04-29
hitter,CIN,COL,Jose Trevino,624431,8.0,P,Confirmed,3.73,,,,,1.34,0.12,0.45,0.2,0.18,0.82,0.04,False,96.0,99.0,96.0,88.0,93.0,91.0,91.0,92.0,94.0,high,high,high,high,high,high,high,high,high,2026-04-29
hitter,CIN,COL,Ke'Bryan Hayes,663647,9.0,3B,Confirmed,3.91,,,,,1.26,0.13,1.24,0.48,0.43,2.15,0.04,False,96.0,99.0,96.0,88.0,93.0,91.0,91.0,92.0,94.0,high,high,high,high,high,high,high,high,high,2026-04-29
hitter,COL,CIN,Jordan Beck,687597,1.0,LF,Confirmed,4.99,,,,,0.5,0.17,2.1,0.9,0.72,3.71,0.06,False,96.0,99.0,96.0,88.0,93.0,91.0,91.0,92.0,94.0,high,high,high,high,high,high,high,high,high,2026-04-29
hitter,COL,CIN,Brenton Doyle,686668,2.0,CF,Confirmed,4.83,,,,,1.71,0.16,0.58,0.29,0.23,1.1,0.06,False,96.0,99.0,96.0,88.0,93.0,91.0,91.0,92.0,94.0,high,high,high,high,high,high,high,high,high,2026-04-29
hitter,COL,CIN,TJ Rumfield,681198,3.0,1B,Confirmed,4.7,,,,,1.1,0.16,1.71,0.74,0.67,3.13,0.05,False,96.0,99.0,96.0,88.0,93.0,91.0,91.0,92.0,94.0,high,high,high,high,high,high,high,high,high,2026-04-29
hitter,COL,CIN,Hunter Goodman,696100,4.0,DH,Confirmed,4.58,,,,,2.18,0.16,0.55,0.28,0.24,1.07,0.05,False,96.0,99.0,96.0,88.0,93.0,91.0,91.0,92.0,94.0,high,high,high,high,high,high,high,high,high,2026-04-29
hitter,COL,CIN,Willi Castro,650489,5.0,2B,Confirmed,4.5,,,,,1.56,1.26,0.54,0.48,0.24,1.26,0.05,False,96.0,99.0,96.0,88.0,93.0,91.0,91.0,92.0,94.0,high,high,high,high,high,high,high,high,high,2026-04-29
hitter,COL,CIN,Brett Sullivan,664954,6.0,C,Confirmed,4.38,,,,,1.04,0.15,1.01,0.4,0.41,1.82,0.05,False,96.0,99.0,96.0,88.0,93.0,91.0,91.0,92.0,94.0,high,high,high,high,high,high,high,high,high,2026-04-29
hitter,COL,CIN,Kyle Karros,691720,7.0,3B,Confirmed,4.29,,,,,1.62,0.14,0.98,0.39,0.35,1.72,0.05,False,96.0,99.0,96.0,88.0,93.0,91.0,91.0,92.0,94.0,high,high,high,high,high,high,high,high,high,2026-04-29
hitter,COL,CIN,Ezequiel Tovar,678662,8.0,SS,Confirmed,4.21,,,,,0.98,0.14,0.51,0.22,0.2,0.93,0.05,False,96.0,99.0,96.0,88.0,93.0,91.0,91.0,92.0,94.0,high,high,high,high,high,high,high,high,high,2026-04-29
hitter,COL,CIN,Mickey Moniak,666160,9.0,RF,Confirmed,4.42,,,,,1.65,0.15,1.0,0.4,0.36,1.76,0.05,False,96.0,99.0,96.0,88.0,93.0,91.0,91.0,92.0,94.0,high,high,high,high,high,high,high,high,high,2026-04-29
hitter,PIT,STL,Oneil Cruz,665833,1.0,CF,Confirmed,4.64,,,,,1.47,0.15,1.6,0.98,0.91,3.49,0.55,False,96.0,99.0,96.0,88.0,93.0,91.0,91.0,92.0,94.0,high,high,high,high,high,high,high,high,high,2026-04-29
hitter,PIT,STL,Brandon Lowe,664040,2.0,2B,Confirmed,4.49,,,,,1.21,0.15,1.18,0.53,0.42,2.13,0.05,False,96.0,99.0,96.0,88.0,93.0,91.0,91.0,92.0,94.0,high,high,high,high,high,high,high,high,high,2026-04-29
hitter,PIT,STL,Bryan Reynolds,668804,3.0,RF,Confirmed,4.37,,,,,1.03,0.82,1.67,0.85,0.65,3.18,0.05,False,96.0,99.0,96.0,88.0,93.0,91.0,91.0,92.0,94.0,high,high,high,high,high,high,high,high,high,2026-04-29
hitter,PIT,STL,Ryan O'Hearn,656811,4.0,1B,Confirmed,4.26,,,,,1.01,0.15,1.66,1.01,1.06,3.73,0.55,False,96.0,99.0,96.0,88.0,93.0,91.0,91.0,92.0,94.0,high,high,high,high,high,high,high,high,high,2026-04-29
hitter,PIT,STL,Marcell Ozuna,542303,5.0,DH,Confirmed,4.18,,,,,2.55,0.14,0.5,0.25,0.22,0.98,0.05,False,96.0,99.0,96.0,88.0,93.0,91.0,91.0,92.0,94.0,high,high,high,high,high,high,high,high,high,2026-04-29
hitter,PIT,STL,Nick Gonzales,693304,6.0,2B,Confirmed,4.07,,,,,0.41,0.14,1.6,0.6,0.62,2.83,0.05,False,96.0,99.0,96.0,88.0,93.0,91.0,91.0,92.0,94.0,high,high,high,high,high,high,high,high,high,2026-04-29
hitter,PIT,STL,Spencer Horwitz,687462,7.0,1B,Confirmed,3.99,,,,,0.4,0.13,1.03,0.41,0.37,1.8,0.05,False,96.0,99.0,96.0,88.0,93.0,91.0,91.0,92.0,94.0,high,high,high,high,high,high,high,high,high,2026-04-29
hitter,PIT,STL,Konnor Griffin,804606,8.0,SS,Confirmed,3.92,,,,,0.93,0.13,1.48,0.82,0.87,3.16,0.55,False,96.0,99.0,96.0,88.0,93.0,91.0,91.0,92.0,94.0,high,high,high,high,high,high,high,high,high,2026-04-29
hitter,PIT,STL,Joey Bart,663698,9.0,C,Confirmed,4.11,,,,,1.84,0.14,0.49,0.22,0.19,0.9,0.05,False,96.0,99.0,96.0,88.0,93.0,91.0,91.0,92.0,94.0,high,high,high,high,high,high,high,high,high,2026-04-29
hitter,STL,PIT,JJ Wetherholt,802139,1.0,2B,Confirmed,4.93,,,,,0.49,0.95,1.24,0.71,0.44,2.38,0.06,False,96.0,99.0,96.0,88.0,93.0,91.0,91.0,92.0,94.0,high,high,high,high,high,high,high,high,high,2026-04-29
hitter,STL,PIT,Iván Herrera,671056,2.0,C,Confirmed,4.76,,,,,0.48,1.33,1.16,0.75,0.41,2.33,0.06,False,96.0,99.0,96.0,88.0,93.0,91.0,91.0,92.0,94.0,high,high,high,high,high,high,high,high,high,2026-04-29
hitter,STL,PIT,Alec Burleson,676475,3.0,1B,Confirmed,4.64,,,,,1.19,0.73,1.44,0.74,0.57,2.75,0.05,False,96.0,99.0,96.0,88.0,93.0,91.0,91.0,92.0,94.0,high,high,high,high,high,high,high,high,high,2026-04-29
hitter,STL,PIT,Jordan Walker,691023,4.0,RF,Confirmed,4.52,,,,,1.03,0.15,1.49,0.65,0.59,2.73,0.05,False,96.0,99.0,96.0,88.0,93.0,91.0,91.0,92.0,94.0,high,high,high,high,high,high,high,high,high,2026-04-29
hitter,STL,PIT,Nolan Gorman,669357,5.0,DH,Confirmed,4.44,,,,,1.56,0.15,1.5,0.94,1.0,3.43,0.55,False,96.0,99.0,96.0,88.0,93.0,91.0,91.0,92.0,94.0,high,high,high,high,high,high,high,high,high,2026-04-29
hitter,STL,PIT,Masyn Winn,691026,6.0,SS,Confirmed,4.32,,,,,1.38,0.15,1.3,0.5,0.52,2.32,0.05,False,96.0,99.0,96.0,88.0,93.0,91.0,91.0,92.0,94.0,high,high,high,high,high,high,high,high,high,2026-04-29
hitter,STL,PIT,Nathan Church,701675,7.0,LF,Confirmed,4.24,,,,,0.42,0.14,0.99,0.4,0.36,1.75,0.05,False,96.0,99.0,96.0,88.0,93.0,91.0,91.0,92.0,94.0,high,high,high,high,high,high,high,high,high,2026-04-29
hitter,STL,PIT,Ramón Urías,602104,8.0,3B,Confirmed,4.16,,,,,0.42,0.14,1.07,0.42,0.38,1.87,0.05,False,96.0,99.0,96.0,88.0,93.0,91.0,91.0,92.0,94.0,high,high,high,high,high,high,high,high,high,2026-04-29
hitter,STL,PIT,Victor Scott II,687363,9.0,CF,Confirmed,4.36,,,,,1.53,0.15,1.11,0.63,0.67,2.41,0.44,False,96.0,99.0,96.0,88.0,93.0,91.0,91.0,92.0,94.0,high,high,high,high,high,high,high,high,high,2026-04-29
hitter,NYM,WSH,Bo Bichette,666182,1.0,3B,Confirmed,4.56,,,,,0.46,0.81,1.05,0.81,0.64,2.49,0.42,False,96.0,99.0,96.0,88.0,93.0,91.0,91.0,92.0,94.0,high,high,high,high,high,high,high,high,high,2026-04-29
hitter,NYM,WSH,Juan Soto,665742,2.0,DH,Confirmed,4.41,,,,,0.44,0.15,1.01,0.66,0.61,2.28,0.4,False,96.0,99.0,96.0,88.0,93.0,91.0,91.0,92.0,94.0,high,high,high,high,high,high,high,high,high,2026-04-29
hitter,NYM,WSH,MJ Melendez,669004,3.0,LF,Confirmed,4.3,,,,,0.43,0.14,1.13,0.51,0.45,2.09,0.05,False,96.0,99.0,96.0,88.0,93.0,91.0,91.0,92.0,94.0,high,high,high,high,high,high,high,high,high,2026-04-29
hitter,NYM,WSH,Francisco Alvarez,682626,4.0,C,Confirmed,4.18,,,,,0.42,0.15,0.5,0.26,0.22,0.98,0.05,False,96.0,99.0,96.0,88.0,93.0,91.0,91.0,92.0,94.0,high,high,high,high,high,high,high,high,high,2026-04-29
hitter,NYM,WSH,Brett Baty,683146,5.0,2B,Confirmed,4.11,,,,,0.41,0.73,0.49,0.36,0.22,1.08,0.05,False,96.0,99.0,96.0,88.0,93.0,91.0,91.0,92.0,94.0,high,high,high,high,high,high,high,high,high,2026-04-29
hitter,NYM,WSH,Tyrone Taylor,621438,6.0,CF,Confirmed,4.0,,,,,0.4,0.13,0.48,0.21,0.21,0.91,0.05,False,96.0,99.0,96.0,88.0,93.0,91.0,91.0,92.0,94.0,high,high,high,high,high,high,high,high,high,2026-04-29
hitter,NYM,WSH,Carson Benge,701807,7.0,RF,Confirmed,3.92,,,,,0.39,0.13,1.4,0.54,0.49,2.42,0.04,False,96.0,99.0,96.0,88.0,93.0,91.0,91.0,92.0,94.0,high,high,high,high,high,high,high,high,high,2026-04-29
hitter,NYM,WSH,Marcus Semien,543760,8.0,2B,Confirmed,3.85,,,,,0.38,0.68,0.46,0.3,0.18,0.94,0.04,False,96.0,99.0,96.0,88.0,93.0,91.0,91.0,92.0,94.0,high,high,high,high,high,high,high,high,high,2026-04-29
hitter,NYM,WSH,Ronny Mauricio,677595,9.0,SS,Confirmed,4.03,,,,,0.98,0.13,0.94,0.37,0.34,1.64,0.05,False,96.0,99.0,96.0,88.0,93.0,91.0,91.0,92.0,94.0,high,high,high,high,high,high,high,high,high,2026-04-29
hitter,WSH,NYM,James Wood,695578,1.0,DH,Confirmed,4.75,,,,,1.8,0.82,0.57,0.41,0.22,1.21,0.05,False,96.0,99.0,96.0,88.0,93.0,91.0,91.0,92.0,94.0,high,high,high,high,high,high,high,high,high,2026-04-29
hitter,WSH,NYM,Curtis Mead,678554,2.0,1B,Confirmed,4.6,,,,,0.46,0.16,0.55,0.28,0.22,1.05,0.05,False,96.0,99.0,96.0,88.0,93.0,91.0,91.0,92.0,94.0,high,high,high,high,high,high,high,high,high,2026-04-29
hitter,WSH,NYM,Brady House,691781,3.0,3B,Confirmed,4.48,,,,,1.08,0.15,0.54,0.27,0.24,1.05,0.05,False,96.0,99.0,96.0,88.0,93.0,91.0,91.0,92.0,94.0,high,high,high,high,high,high,high,high,high,2026-04-29
hitter,WSH,NYM,CJ Abrams,682928,4.0,SS,Confirmed,4.36,,,,,1.04,0.15,1.01,0.46,0.41,1.88,0.05,False,96.0,99.0,96.0,88.0,93.0,91.0,91.0,92.0,94.0,high,high,high,high,high,high,high,high,high,2026-04-29
hitter,WSH,NYM,Jacob Young,696285,5.0,CF,Confirmed,4.29,,,,,1.95,0.15,0.51,0.26,0.23,1.0,0.05,False,96.0,99.0,96.0,88.0,93.0,91.0,91.0,92.0,94.0,high,high,high,high,high,high,high,high,high,2026-04-29
hitter,WSH,NYM,Daylen Lile,695734,6.0,LF,Confirmed,4.17,,,,,1.53,0.14,0.5,0.22,0.22,0.94,0.05,False,96.0,99.0,96.0,88.0,93.0,91.0,91.0,92.0,94.0,high,high,high,high,high,high,high,high,high,2026-04-29
hitter,WSH,NYM,Joey Wiemer,686894,7.0,RF,Confirmed,4.09,,,,,1.9,0.86,0.49,0.34,0.19,1.02,0.05,False,96.0,99.0,96.0,88.0,93.0,91.0,91.0,92.0,94.0,high,high,high,high,high,high,high,high,high,2026-04-29
hitter,WSH,NYM,Nasim Nuñez,683083,8.0,SS,Confirmed,4.01,,,,,1.09,0.82,0.48,0.33,0.19,1.0,0.05,False,96.0,99.0,96.0,88.0,93.0,91.0,91.0,92.0,94.0,high,high,high,high,high,high,high,high,high,2026-04-29
hitter,WSH,NYM,Keibert Ruiz,660688,9.0,C,Confirmed,4.21,,,,,0.42,0.14,1.25,0.48,0.44,2.17,0.05,False,96.0,99.0,96.0,88.0,93.0,91.0,91.0,92.0,94.0,high,high,high,high,high,high,high,high,high,2026-04-29
hitter,ATL,DET,Ronald Acuña Jr.,660670,1.0,RF,Confirmed,4.45,,,,,1.17,0.15,1.87,0.8,0.64,3.31,0.05,False,96.0,99.0,96.0,88.0,93.0,91.0,91.0,92.0,94.0,high,high,high,high,high,high,high,high,high,2026-04-29
hitter,ATL,DET,Drake Baldwin,686948,2.0,C,Confirmed,4.3,,,,,0.43,0.15,0.52,0.26,0.2,0.98,0.05,False,96.0,99.0,96.0,88.0,93.0,91.0,91.0,92.0,94.0,high,high,high,high,high,high,high,high,high,2026-04-29
hitter,ATL,DET,Ozzie Albies,645277,3.0,2B,Confirmed,4.19,,,,,0.98,0.69,0.91,0.7,0.63,2.24,0.36,False,96.0,99.0,96.0,88.0,93.0,91.0,91.0,92.0,94.0,high,high,high,high,high,high,high,high,high,2026-04-29
hitter,ATL,DET,Matt Olson,621566,4.0,1B,Confirmed,4.09,,,,,1.01,0.74,0.92,0.53,0.37,1.82,0.05,False,96.0,99.0,96.0,88.0,93.0,91.0,91.0,92.0,94.0,high,high,high,high,high,high,high,high,high,2026-04-29
hitter,ATL,DET,Austin Riley,663586,5.0,3B,Confirmed,4.01,,,,,2.11,0.14,0.48,0.24,0.21,0.94,0.05,False,96.0,99.0,96.0,88.0,93.0,91.0,91.0,92.0,94.0,high,high,high,high,high,high,high,high,high,2026-04-29
hitter,ATL,DET,Mauricio Dubón,643289,6.0,SS,Confirmed,3.9,,,,,0.39,0.13,1.38,0.53,0.54,2.45,0.04,False,96.0,99.0,96.0,88.0,93.0,91.0,91.0,92.0,94.0,high,high,high,high,high,high,high,high,high,2026-04-29
hitter,ATL,DET,Michael Harris II,671739,7.0,CF,Confirmed,3.83,,,,,0.38,0.13,1.17,0.45,0.41,2.02,0.04,False,96.0,99.0,96.0,88.0,93.0,91.0,91.0,92.0,94.0,high,high,high,high,high,high,high,high,high,2026-04-29
hitter,ATL,DET,Eli White,642201,8.0,LF,Confirmed,3.76,,,,,0.9,0.13,0.87,0.5,0.53,1.9,0.35,False,96.0,99.0,96.0,88.0,93.0,91.0,91.0,92.0,94.0,high,high,high,high,high,high,high,high,high,2026-04-29
hitter,ATL,DET,Jonah Heim,641680,9.0,C,Confirmed,3.94,,,,,0.39,0.7,0.9,0.46,0.32,1.68,0.05,False,96.0,99.0,96.0,88.0,93.0,91.0,91.0,92.0,94.0,high,high,high,high,high,high,high,high,high,2026-04-29
hitter,DET,ATL,Kevin McGonigle,805808,1.0,SS,Confirmed,4.68,,,,,1.1,0.16,1.25,0.56,0.45,2.27,0.06,False,96.0,99.0,96.0,88.0,93.0,91.0,91.0,92.0,94.0,high,high,high,high,high,high,high,high,high,2026-04-29
hitter,DET,ATL,Gleyber Torres,650402,2.0,2B,Confirmed,4.52,,,,,0.45,1.04,0.54,0.44,0.21,1.2,0.05,False,96.0,99.0,96.0,88.0,93.0,91.0,91.0,92.0,94.0,high,high,high,high,high,high,high,high,high,2026-04-29
hitter,DET,ATL,Colt Keith,690993,3.0,3B,Confirmed,4.41,,,,,0.44,0.15,1.85,0.8,0.72,3.37,0.05,False,96.0,99.0,96.0,88.0,93.0,91.0,91.0,92.0,94.0,high,high,high,high,high,high,high,high,high,2026-04-29
hitter,DET,ATL,Riley Greene,682985,4.0,LF,Confirmed,4.29,,,,,1.53,1.2,0.52,0.46,0.23,1.2,0.05,False,96.0,99.0,96.0,88.0,93.0,91.0,91.0,92.0,94.0,high,high,high,high,high,high,high,high,high,2026-04-29
hitter,DET,ATL,Dillon Dingler,693307,5.0,C,Confirmed,4.22,,,,,0.42,0.7,1.58,0.79,0.62,2.99,0.05,False,96.0,99.0,96.0,88.0,93.0,91.0,91.0,92.0,94.0,high,high,high,high,high,high,high,high,high,2026-04-29
hitter,DET,ATL,Kerry Carpenter,681481,6.0,RF,Confirmed,4.1,,,,,0.41,0.14,0.49,0.22,0.22,0.93,0.05,False,96.0,99.0,96.0,88.0,93.0,91.0,91.0,92.0,94.0,high,high,high,high,high,high,high,high,high,2026-04-29
hitter,DET,ATL,Spencer Torkelson,679529,7.0,1B,Confirmed,4.02,,,,,1.51,0.73,0.48,0.31,0.19,0.98,0.05,False,96.0,99.0,96.0,88.0,93.0,91.0,91.0,92.0,94.0,high,high,high,high,high,high,high,high,high,2026-04-29
hitter,DET,ATL,Wenceel Pérez,672761,8.0,RF,Confirmed,3.95,,,,,0.39,0.13,1.66,0.88,0.93,3.46,0.55,False,96.0,99.0,96.0,88.0,93.0,91.0,91.0,92.0,94.0,high,high,high,high,high,high,high,high,high,2026-04-29
hitter,DET,ATL,Jace Jung,690291,9.0,DH,Confirmed,4.14,,,,,0.42,0.15,0.5,0.22,0.19,0.91,0.05,False,96.0,99.0,96.0,88.0,93.0,91.0,91.0,92.0,94.0,high,high,high,high,high,high,high,high,high,2026-04-29
hitter,MIL,AZ,Brandon Lockridge,663604,1.0,LF,Confirmed,4.61,,,,,0.97,0.71,0.55,0.39,0.22,1.16,0.05,False,96.0,99.0,96.0,88.0,93.0,91.0,91.0,92.0,94.0,high,high,high,high,high,high,high,high,high,2026-04-29
hitter,MIL,AZ,Brice Turang,668930,2.0,2B,Confirmed,4.46,,,,,0.45,0.77,1.58,0.81,0.55,2.93,0.05,False,96.0,99.0,96.0,88.0,93.0,91.0,91.0,92.0,94.0,high,high,high,high,high,high,high,high,high,2026-04-29
hitter,MIL,AZ,William Contreras,661388,3.0,C,Confirmed,4.35,,,,,0.43,0.66,1.39,0.71,0.55,2.65,0.05,False,96.0,99.0,96.0,88.0,93.0,91.0,91.0,92.0,94.0,high,high,high,high,high,high,high,high,high,2026-04-29
hitter,MIL,AZ,Jake Bauers,641343,4.0,1B,Confirmed,4.23,,,,,0.42,0.65,0.86,0.49,0.35,1.7,0.05,False,96.0,99.0,96.0,88.0,93.0,91.0,91.0,92.0,94.0,high,high,high,high,high,high,high,high,high,2026-04-29
hitter,MIL,AZ,Gary Sánchez,596142,5.0,DH,Confirmed,4.16,,,,,0.42,0.14,1.75,0.75,0.68,3.18,0.05,False,96.0,99.0,96.0,88.0,93.0,91.0,91.0,92.0,94.0,high,high,high,high,high,high,high,high,high,2026-04-29
hitter,MIL,AZ,Luis Rengifo,650859,6.0,3B,Confirmed,4.04,,,,,0.4,0.14,0.49,0.22,0.22,0.92,0.05,False,96.0,99.0,96.0,88.0,93.0,91.0,91.0,92.0,94.0,high,high,high,high,high,high,high,high,high,2026-04-29
hitter,MIL,AZ,Greg Jones,675659,7.0,RF,Confirmed,3.97,,,,,1.46,0.13,0.48,0.21,0.19,0.87,0.05,False,96.0,99.0,96.0,88.0,93.0,91.0,91.0,92.0,94.0,high,high,high,high,high,high,high,high,high,2026-04-29
hitter,MIL,AZ,Blake Perkins,663368,8.0,CF,Confirmed,3.89,,,,,0.39,0.14,0.47,0.21,0.18,0.86,0.04,False,96.0,99.0,96.0,88.0,93.0,91.0,91.0,92.0,94.0,high,high,high,high,high,high,high,high,high,2026-04-29
hitter,MIL,AZ,Joey Ortiz,687401,9.0,SS,Confirmed,4.08,,,,,0.97,0.14,1.5,0.57,0.52,2.59,0.05,False,96.0,99.0,96.0,88.0,93.0,91.0,91.0,92.0,94.0,high,high,high,high,high,high,high,high,high,2026-04-29
hitter,AZ,MIL,Geraldo Perdomo,672695,1.0,SS,Confirmed,4.55,,,,,1.19,0.16,0.55,0.28,0.21,1.04,0.05,False,96.0,99.0,96.0,88.0,93.0,91.0,91.0,92.0,94.0,high,high,high,high,high,high,high,high,high,2026-04-29
hitter,AZ,MIL,Ketel Marte,606466,2.0,2B,Confirmed,4.4,,,,,0.44,0.16,0.53,0.27,0.21,1.0,0.05,False,96.0,99.0,96.0,88.0,93.0,91.0,91.0,92.0,94.0,high,high,high,high,high,high,high,high,high,2026-04-29
hitter,AZ,MIL,Corbin Carroll,682998,3.0,RF,Confirmed,4.29,,,,,2.47,0.14,0.52,0.26,0.23,1.0,0.05,False,96.0,99.0,96.0,88.0,93.0,91.0,91.0,92.0,94.0,high,high,high,high,high,high,high,high,high,2026-04-29
hitter,AZ,MIL,Adrian Del Castillo,680728,4.0,C,Confirmed,4.18,,,,,1.38,1.17,0.5,0.45,0.22,1.17,0.05,False,96.0,99.0,96.0,88.0,93.0,91.0,91.0,92.0,94.0,high,high,high,high,high,high,high,high,high,2026-04-29
hitter,AZ,MIL,Ildemaro Vargas,545121,5.0,1B,Confirmed,4.11,,,,,0.41,0.74,0.94,0.54,0.39,1.87,0.05,False,96.0,99.0,96.0,88.0,93.0,91.0,91.0,92.0,94.0,high,high,high,high,high,high,high,high,high,2026-04-29
hitter,AZ,MIL,Lourdes Gurriel Jr.,666971,6.0,LF,Confirmed,3.99,,,,,1.74,0.13,0.48,0.21,0.21,0.9,0.05,False,96.0,99.0,96.0,88.0,93.0,91.0,91.0,92.0,94.0,high,high,high,high,high,high,high,high,high,2026-04-29
hitter,AZ,MIL,Nolan Arenado,571448,7.0,3B,Confirmed,3.92,,,,,0.39,1.1,0.47,0.37,0.18,1.02,0.05,False,96.0,99.0,96.0,88.0,93.0,91.0,91.0,92.0,94.0,high,high,high,high,high,high,high,high,high,2026-04-29
hitter,AZ,MIL,Jose Fernandez,699912,8.0,DH,Confirmed,3.84,,,,,0.38,0.69,0.46,0.3,0.18,0.94,0.04,False,96.0,99.0,96.0,88.0,93.0,91.0,91.0,92.0,94.0,high,high,high,high,high,high,high,high,high,2026-04-29
hitter,AZ,MIL,Alek Thomas,677950,9.0,CF,Confirmed,4.03,,,,,0.4,0.14,0.48,0.22,0.19,0.89,0.05,False,96.0,99.0,96.0,88.0,93.0,91.0,91.0,92.0,94.0,high,high,high,high,high,high,high,high,high,2026-04-29
hitter,ATH,KC,Nick Kurtz,701762,1.0,1B,Confirmed,4.8,,,,,1.59,0.76,0.58,0.41,0.23,1.21,0.05,False,96.0,99.0,96.0,88.0,93.0,91.0,91.0,92.0,94.0,high,high,high,high,high,high,high,high,high,2026-04-29
hitter,ATH,KC,Shea Langeliers,669127,2.0,C,Confirmed,4.65,,,,,0.46,0.15,1.95,0.84,0.67,3.46,0.06,False,96.0,99.0,96.0,88.0,93.0,91.0,91.0,92.0,94.0,high,high,high,high,high,high,high,high,high,2026-04-29
hitter,ATH,KC,Carlos Cortes,666126,3.0,LF,Confirmed,4.53,,,,,0.45,0.92,1.26,0.7,0.5,2.46,0.05,False,96.0,99.0,96.0,88.0,93.0,91.0,91.0,92.0,94.0,high,high,high,high,high,high,high,high,high,2026-04-29
hitter,ATH,KC,Brent Rooker,667670,4.0,DH,Confirmed,4.41,,,,,1.39,0.15,0.53,0.27,0.24,1.03,0.05,False,96.0,99.0,96.0,88.0,93.0,91.0,91.0,92.0,94.0,high,high,high,high,high,high,high,high,high,2026-04-29
hitter,ATH,KC,Jacob Wilson,805779,5.0,SS,Confirmed,4.33,,,,,1.31,0.15,0.91,0.42,0.37,1.7,0.05,False,96.0,99.0,96.0,88.0,93.0,91.0,91.0,92.0,94.0,high,high,high,high,high,high,high,high,high,2026-04-29
hitter,ATH,KC,Jeff McNeil,643446,6.0,2B,Confirmed,4.21,,,,,0.42,0.72,0.51,0.32,0.22,1.05,0.05,False,96.0,99.0,96.0,88.0,93.0,91.0,91.0,92.0,94.0,high,high,high,high,high,high,high,high,high,2026-04-29
hitter,ATH,KC,Zack Gelof,680869,7.0,CF,Confirmed,4.14,,,,,0.93,0.7,1.26,0.58,0.44,2.28,0.05,False,96.0,99.0,96.0,88.0,93.0,91.0,91.0,92.0,94.0,high,high,high,high,high,high,high,high,high,2026-04-29
hitter,ATH,KC,Lawrence Butler,671732,8.0,RF,Confirmed,4.06,,,,,2.43,0.14,0.49,0.22,0.19,0.89,0.05,False,96.0,99.0,96.0,88.0,93.0,91.0,91.0,92.0,94.0,high,high,high,high,high,high,high,high,high,2026-04-29
hitter,ATH,KC,Darell Hernaiz,687231,9.0,3B,Confirmed,4.25,,,,,0.43,0.81,0.51,0.34,0.2,1.05,0.05,False,96.0,99.0,96.0,88.0,93.0,91.0,91.0,92.0,94.0,high,high,high,high,high,high,high,high,high,2026-04-29
hitter,KC,ATH,Maikel Garcia,672580,1.0,3B,Confirmed,4.47,,,,,0.94,0.15,1.44,0.63,0.5,2.57,0.05,False,96.0,99.0,96.0,88.0,93.0,91.0,91.0,92.0,94.0,high,high,high,high,high,high,high,high,high,2026-04-29
hitter,KC,ATH,Bobby Witt Jr.,677951,2.0,SS,Confirmed,4.32,,,,,0.43,0.14,0.89,0.59,0.54,2.02,0.36,False,96.0,99.0,96.0,88.0,93.0,91.0,91.0,92.0,94.0,high,high,high,high,high,high,high,high,high,2026-04-29
hitter,KC,ATH,Carter Jensen,695600,3.0,C,Confirmed,4.21,,,,,2.2,0.14,0.51,0.26,0.22,0.99,0.05,False,96.0,99.0,96.0,88.0,93.0,91.0,91.0,92.0,94.0,high,high,high,high,high,high,high,high,high,2026-04-29
hitter,KC,ATH,Salvador Perez,521692,4.0,1B,Confirmed,4.1,,,,,0.41,0.14,1.48,0.93,0.99,3.4,0.55,False,96.0,99.0,96.0,88.0,93.0,91.0,91.0,92.0,94.0,high,high,high,high,high,high,high,high,high,2026-04-29
hitter,KC,ATH,Michael Massey,686681,5.0,2B,Confirmed,4.03,,,,,0.4,0.14,0.48,0.25,0.22,0.94,0.05,False,96.0,99.0,96.0,88.0,93.0,91.0,91.0,92.0,94.0,high,high,high,high,high,high,high,high,high,2026-04-29
hitter,KC,ATH,Isaac Collins,686555,6.0,LF,Confirmed,3.92,,,,,0.39,1.1,0.47,0.37,0.21,1.05,0.04,False,96.0,99.0,96.0,88.0,93.0,91.0,91.0,92.0,94.0,high,high,high,high,high,high,high,high,high,2026-04-29
hitter,KC,ATH,Jac Caglianone,695506,7.0,DH,Confirmed,3.85,,,,,2.17,0.13,0.46,0.21,0.18,0.85,0.04,False,96.0,99.0,96.0,88.0,93.0,91.0,91.0,92.0,94.0,high,high,high,high,high,high,high,high,high,2026-04-29
hitter,KC,ATH,Lane Thomas,657041,8.0,RF,Confirmed,3.77,,,,,0.38,0.66,1.14,0.53,0.4,2.06,0.04,False,96.0,99.0,96.0,88.0,93.0,91.0,91.0,92.0,94.0,high,high,high,high,high,high,high,high,high,2026-04-29
hitter,KC,ATH,Kyle Isbel,664728,9.0,CF,Confirmed,3.96,,,,,0.94,0.13,0.92,0.37,0.33,1.62,0.05,False,96.0,99.0,96.0,88.0,93.0,91.0,91.0,92.0,94.0,high,high,high,high,high,high,high,high,high,2026-04-29
