player_type,team,opponent,player_name,mlb_id,lineup_spot,pos,lineup_status,proj_pa,proj_ip,proj_outs,proj_runs_allowed,proj_hits_allowed,proj_strikeouts,proj_walks,proj_hits,proj_runs,proj_rbi,proj_hrrbi,proj_hr,used_fallback,confidence_score,proj_pa_confidence_score,proj_hits_confidence_score,proj_hr_confidence_score,proj_strikeouts_confidence_score,proj_runs_confidence_score,proj_rbi_confidence_score,proj_hrrbi_confidence_score,proj_walks_confidence_score,confidence,proj_pa_confidence,proj_hits_confidence,proj_hr_confidence,proj_strikeouts_confidence,proj_runs_confidence,proj_rbi_confidence,proj_hrrbi_confidence,proj_walks_confidence
pitcher,STL,MIN,Matthew Liberatore,669461,,,Probable Starter,,5.2,16.0,2.56,4.4,5.02,2.28,,,,,,,,,,,,,,,,,,,,,,,,
pitcher,MIN,STL,Connor Prielipp,687570,,,Probable Starter,,5.24,16.0,2.32,4.31,5.94,1.6,,,,,,,,,,,,,,,,,,,,,,,,
pitcher,NYY,TOR,Cam Schlittler,693645,,,Probable Starter,,5.52,17.0,2.16,4.19,6.49,1.63,,,,,,,,,,,,,,,,,,,,,,,,
pitcher,TOR,NYY,Kevin Gausman,592332,,,Probable Starter,,5.29,16.0,2.64,4.98,4.52,2.05,,,,,,,,,,,,,,,,,,,,,,,,
pitcher,SD,BAL,Randy Vásquez,681190,,,Probable Starter,,5.32,16.0,2.39,4.33,5.63,1.95,,,,,,,,,,,,,,,,,,,,,,,,
pitcher,BAL,SD,Trey Gibson,694346,,,Probable Starter,,5.2,16.0,2.43,4.07,5.3,2.23,,,,,,,,,,,,,,,,,,,,,,,,
pitcher,SEA,WSH,Luis Castillo,622491,,,Probable Starter,,5.3,16.0,2.56,4.89,5.4,1.75,,,,,,,,,,,,,,,,,,,,,,,,
pitcher,WSH,SEA,Cade Cavalli,676917,,,Probable Starter,,5.49,16.0,2.37,4.54,6.22,1.78,,,,,,,,,,,,,,,,,,,,,,,,
pitcher,PIT,MIA,Bubba Chandler,696149,,,Probable Starter,,5.27,16.0,2.33,4.28,4.78,1.85,,,,,,,,,,,,,,,,,,,,,,,,
pitcher,AZ,CIN,Michael Soroka,647336,,,Probable Starter,,5.27,16.0,2.33,4.45,5.26,1.62,,,,,,,,,,,,,,,,,,,,,,,,
pitcher,CIN,AZ,Rhett Lowder,695076,,,Probable Starter,,5.13,15.0,2.52,4.39,4.54,2.18,,,,,,,,,,,,,,,,,,,,,,,,
pitcher,DET,CLE,Tarik Skubal,669373,,,Probable Starter,,5.56,17.0,2.15,4.25,6.57,1.49,,,,,,,,,,,,,,,,,,,,,,,,
pitcher,CLE,DET,Joey Cantillo,676282,,,Probable Starter,,5.22,16.0,2.61,4.43,4.67,2.26,,,,,,,,,,,,,,,,,,,,,,,,
pitcher,TEX,BOS,Jacob deGrom,594798,,,Probable Starter,,5.65,17.0,2.3,4.33,7.06,1.8,,,,,,,,,,,,,,,,,,,,,,,,
pitcher,BOS,TEX,Ranger Suarez,624133,,,Probable Starter,,5.26,16.0,2.28,4.32,5.81,1.78,,,,,,,,,,,,,,,,,,,,,,,,
pitcher,ATL,NYM,Martín Pérez,527048,,,Probable Starter,,4.66,14.0,1.92,3.83,4.32,1.17,,,,,,,,,,,,,,,,,,,,,,,,
pitcher,LAD,CWS,Yoshinobu Yamamoto,808967,,,Probable Starter,,5.74,17.0,2.33,4.43,6.76,1.78,,,,,,,,,,,,,,,,,,,,,,,,
pitcher,CWS,LAD,Sean Burke,680732,,,Probable Starter,,5.38,16.0,2.44,4.64,5.64,1.74,,,,,,,,,,,,,,,,,,,,,,,,
pitcher,HOU,KC,Mike Burrows,681347,,,Probable Starter,,5.5,17.0,2.62,5.01,5.29,1.89,,,,,,,,,,,,,,,,,,,,,,,,
pitcher,KC,HOU,Noah Cameron,702070,,,Probable Starter,,5.14,15.0,2.67,4.94,4.54,2.1,,,,,,,,,,,,,,,,,,,,,,,,
pitcher,PHI,MIL,Aaron Nola,605400,,,Probable Starter,,5.2,16.0,2.61,4.59,4.88,2.16,,,,,,,,,,,,,,,,,,,,,,,,
pitcher,COL,ATH,Kyle Freeland,607536,,,Probable Starter,,5.1,15.0,2.61,4.59,4.25,2.23,,,,,,,,,,,,,,,,,,,,,,,,
pitcher,SF,CHC,Trevor McDonald,686790,,,Probable Starter,,5.65,17.0,2.33,4.24,6.22,2.01,,,,,,,,,,,,,,,,,,,,,,,,
pitcher,LAA,TB,José Soriano,667755,,,Probable Starter,,5.69,17.0,2.37,4.21,6.47,2.26,,,,,,,,,,,,,,,,,,,,,,,,
hitter,STL,MIN,Masyn Winn,691026,1.0,SS,Confirmed Lineup,4.13,,,,,0.61,0.42,1.15,0.56,0.4,2.1,0.04,False,96.0,99.0,96.0,88.0,93.0,91.0,91.0,92.0,94.0,high,high,high,high,high,high,high,high,high
hitter,STL,MIN,Iván Herrera,671056,2.0,DH,Confirmed Lineup,4.22,,,,,0.56,0.51,1.2,0.61,0.43,2.25,0.06,False,96.0,99.0,96.0,88.0,93.0,91.0,91.0,92.0,94.0,high,high,high,high,high,high,high,high,high
hitter,STL,MIN,Jordan Walker,691023,3.0,RF,Confirmed Lineup,4.21,,,,,0.62,0.47,1.28,0.64,0.52,2.44,0.07,False,96.0,99.0,96.0,88.0,93.0,91.0,91.0,92.0,94.0,high,high,high,high,high,high,high,high,high
hitter,STL,MIN,Nelson Velázquez,676369,4.0,LF,Confirmed Lineup,3.95,,,,,0.61,0.41,0.98,0.48,0.38,1.84,0.03,True,40.0,44.0,40.0,32.0,37.0,35.0,35.0,36.0,38.0,low,low,low,low,low,low,low,low,low
hitter,STL,MIN,Alec Burleson,676475,5.0,1B,Confirmed Lineup,4.2,,,,,0.57,0.37,1.12,0.55,0.46,2.14,0.07,False,96.0,99.0,96.0,88.0,93.0,91.0,91.0,92.0,94.0,high,high,high,high,high,high,high,high,high
hitter,STL,MIN,Blaze Jordan,691458,6.0,3B,Confirmed Lineup,3.91,,,,,0.6,0.41,0.97,0.42,0.38,1.77,0.03,True,40.0,44.0,40.0,32.0,37.0,35.0,35.0,36.0,38.0,low,low,low,low,low,low,low,low,low
hitter,STL,MIN,José Fermín,665877,7.0,2B,Confirmed Lineup,3.32,,,,,0.58,0.29,0.81,0.35,0.28,1.43,0.03,False,96.0,99.0,96.0,88.0,93.0,91.0,91.0,92.0,94.0,high,high,high,high,high,high,high,high,high
hitter,STL,MIN,Pedro Pagés,686780,8.0,C,Confirmed Lineup,4.32,,,,,0.74,0.34,1.14,0.5,0.43,2.07,0.08,False,96.0,99.0,96.0,88.0,93.0,91.0,91.0,92.0,94.0,high,high,high,high,high,high,high,high,high
hitter,STL,MIN,Nathan Church,701675,9.0,CF,Confirmed Lineup,4.24,,,,,0.5,0.27,1.02,0.42,0.36,1.8,0.04,False,96.0,99.0,96.0,88.0,93.0,91.0,91.0,92.0,94.0,high,high,high,high,high,high,high,high,high
hitter,MIN,STL,Austin Martin,668885,1.0,RF,Confirmed Lineup,4.29,,,,,1.01,0.44,1.03,0.5,0.35,1.88,0.02,False,96.0,99.0,96.0,88.0,93.0,91.0,91.0,92.0,94.0,high,high,high,high,high,high,high,high,high
hitter,MIN,STL,Byron Buxton,621439,2.0,DH,Confirmed Lineup,4.73,,,,,1.61,0.42,1.07,0.62,0.48,2.17,0.19,False,96.0,99.0,96.0,88.0,93.0,91.0,91.0,92.0,94.0,high,high,high,high,high,high,high,high,high
hitter,MIN,STL,Kody Clemens,665019,3.0,LF,Confirmed Lineup,4.33,,,,,1.22,0.35,0.83,0.41,0.32,1.56,0.03,False,96.0,99.0,96.0,88.0,93.0,91.0,91.0,92.0,94.0,high,high,high,high,high,high,high,high,high
hitter,MIN,STL,Royce Lewis,668904,4.0,1B,Confirmed Lineup,4.07,,,,,1.25,0.33,0.86,0.42,0.34,1.63,0.03,False,96.0,99.0,96.0,88.0,93.0,91.0,91.0,92.0,94.0,high,high,high,high,high,high,high,high,high
hitter,MIN,STL,Brooks Lee,686797,5.0,3B,Confirmed Lineup,4.21,,,,,1.02,0.33,1.07,0.51,0.42,2.01,0.03,False,96.0,99.0,96.0,88.0,93.0,91.0,91.0,92.0,94.0,high,high,high,high,high,high,high,high,high
hitter,MIN,STL,Orlando Arcia,606115,6.0,SS,Confirmed Lineup,3.58,,,,,1.14,0.33,0.78,0.34,0.31,1.44,0.03,False,96.0,99.0,96.0,88.0,93.0,91.0,91.0,92.0,94.0,high,high,high,high,high,high,high,high,high
hitter,MIN,STL,Ryan Kreidler,668952,7.0,CF,Confirmed Lineup,4.08,,,,,1.22,0.42,0.76,0.35,0.27,1.39,0.03,False,96.0,99.0,96.0,88.0,93.0,91.0,91.0,92.0,94.0,high,high,high,high,high,high,high,high,high
hitter,MIN,STL,Luke Keaschall,807712,8.0,2B,Confirmed Lineup,3.97,,,,,1.06,0.38,0.84,0.38,0.31,1.53,0.05,False,96.0,99.0,96.0,88.0,93.0,91.0,91.0,92.0,94.0,high,high,high,high,high,high,high,high,high
hitter,MIN,STL,Alex Jackson,656577,9.0,C,Confirmed Lineup,3.58,,,,,1.14,0.33,0.78,0.34,0.27,1.4,0.03,False,96.0,99.0,96.0,88.0,93.0,91.0,91.0,92.0,94.0,high,high,high,high,high,high,high,high,high
hitter,NYY,TOR,Ben Rice,700250,1.0,1B,Confirmed Lineup,4.14,,,,,1.3,0.22,0.83,0.38,0.28,1.49,0.01,False,96.0,99.0,96.0,88.0,93.0,91.0,91.0,92.0,94.0,high,high,high,high,high,high,high,high,high
hitter,NYY,TOR,Jasson Domínguez,691176,2.0,RF,Confirmed Lineup,4.1,,,,,0.96,0.18,0.79,0.37,0.28,1.44,0.03,False,96.0,99.0,96.0,88.0,93.0,91.0,91.0,92.0,94.0,high,high,high,high,high,high,high,high,high
hitter,NYY,TOR,Cody Bellinger,641355,3.0,LF,Confirmed Lineup,4.23,,,,,0.95,0.34,0.8,0.41,0.33,1.53,0.04,False,96.0,99.0,96.0,88.0,93.0,91.0,91.0,92.0,94.0,high,high,high,high,high,high,high,high,high
hitter,NYY,TOR,Paul Goldschmidt,502671,4.0,DH,Confirmed Lineup,3.72,,,,,0.96,0.2,0.65,0.3,0.24,1.19,0.0,False,96.0,99.0,96.0,88.0,93.0,91.0,91.0,92.0,94.0,high,high,high,high,high,high,high,high,high
hitter,NYY,TOR,Jazz Chisholm Jr.,665862,5.0,2B,Confirmed Lineup,3.89,,,,,1.16,0.29,0.58,0.32,0.26,1.16,0.05,False,96.0,99.0,96.0,88.0,93.0,91.0,91.0,92.0,94.0,high,high,high,high,high,high,high,high,high
hitter,NYY,TOR,Spencer Jones,682987,6.0,CF,Confirmed Lineup,3.2,,,,,0.98,0.22,0.44,0.19,0.17,0.8,0.01,False,96.0,99.0,96.0,88.0,93.0,91.0,91.0,92.0,94.0,high,high,high,high,high,high,high,high,high
hitter,NYY,TOR,José Caballero,676609,7.0,SS,Confirmed Lineup,3.16,,,,,0.69,0.18,0.62,0.26,0.22,1.1,0.03,False,96.0,99.0,96.0,88.0,93.0,91.0,91.0,92.0,94.0,high,high,high,high,high,high,high,high,high
hitter,NYY,TOR,Ryan McMahon,641857,8.0,3B,Confirmed Lineup,3.08,,,,,0.97,0.14,0.6,0.25,0.22,1.07,0.03,False,96.0,99.0,96.0,88.0,93.0,91.0,91.0,92.0,94.0,high,high,high,high,high,high,high,high,high
hitter,NYY,TOR,J.C. Escarra,641555,9.0,C,Confirmed Lineup,3.36,,,,,0.99,0.14,0.56,0.23,0.19,0.98,0.01,False,96.0,99.0,96.0,88.0,93.0,91.0,91.0,92.0,94.0,high,high,high,high,high,high,high,high,high
hitter,TOR,NYY,George Springer,543807,1.0,DH,Confirmed Lineup,3.94,,,,,0.89,0.21,1.02,0.48,0.37,1.87,0.05,False,96.0,99.0,96.0,88.0,93.0,91.0,91.0,92.0,94.0,high,high,high,high,high,high,high,high,high
hitter,TOR,NYY,Nathan Lukes,664770,2.0,CF,Confirmed Lineup,3.61,,,,,0.71,0.24,0.77,0.36,0.26,1.4,0.02,False,96.0,99.0,96.0,88.0,93.0,91.0,91.0,92.0,94.0,high,high,high,high,high,high,high,high,high
hitter,TOR,NYY,Kazuma Okamoto,672960,3.0,3B,Confirmed Lineup,4.18,,,,,1.02,0.35,0.98,0.52,0.44,1.94,0.1,False,96.0,99.0,96.0,88.0,93.0,91.0,91.0,92.0,94.0,high,high,high,high,high,high,high,high,high
hitter,TOR,NYY,Jesús Sánchez,660821,4.0,LF,Confirmed Lineup,3.18,,,,,0.8,0.19,0.64,0.3,0.25,1.18,0.01,False,96.0,99.0,96.0,88.0,93.0,91.0,91.0,92.0,94.0,high,high,high,high,high,high,high,high,high
hitter,TOR,NYY,Ernie Clement,676391,5.0,2B,Confirmed Lineup,3.64,,,,,0.62,0.17,0.84,0.39,0.34,1.57,0.03,False,96.0,99.0,96.0,88.0,93.0,91.0,91.0,92.0,94.0,high,high,high,high,high,high,high,high,high
hitter,TOR,NYY,Brandon Valenzuela,678218,6.0,C,Confirmed Lineup,3.31,,,,,0.88,0.3,0.76,0.34,0.31,1.41,0.04,False,96.0,99.0,96.0,88.0,93.0,91.0,91.0,92.0,94.0,high,high,high,high,high,high,high,high,high
hitter,TOR,NYY,Yohendrick Piñango,682818,7.0,RF,Confirmed Lineup,3.14,,,,,0.79,0.21,0.73,0.3,0.25,1.29,0.03,False,96.0,99.0,96.0,88.0,93.0,91.0,91.0,92.0,94.0,high,high,high,high,high,high,high,high,high
hitter,TOR,NYY,Charles McAdoo,807727,8.0,1B,Confirmed Lineup,3.69,,,,,0.88,0.25,0.75,0.32,0.26,1.33,0.03,True,40.0,44.0,40.0,32.0,37.0,35.0,35.0,36.0,38.0,low,low,low,low,low,low,low,low,low
hitter,TOR,NYY,Andrés Giménez,665926,9.0,SS,Confirmed Lineup,3.18,,,,,0.8,0.17,0.76,0.31,0.27,1.34,0.03,False,96.0,99.0,96.0,88.0,93.0,91.0,91.0,92.0,94.0,high,high,high,high,high,high,high,high,high
hitter,SD,BAL,Fernando Tatis Jr.,665487,1.0,2B,Confirmed Lineup,4.13,,,,,0.71,0.43,0.9,0.56,0.44,1.89,0.21,False,96.0,99.0,96.0,88.0,93.0,91.0,91.0,92.0,94.0,high,high,high,high,high,high,high,high,high
hitter,SD,BAL,Jackson Merrill,701538,2.0,CF,Confirmed Lineup,4.02,,,,,0.72,0.43,0.68,0.48,0.38,1.55,0.22,False,96.0,99.0,96.0,88.0,93.0,91.0,91.0,92.0,94.0,high,high,high,high,high,high,high,high,high
hitter,SD,BAL,Manny Machado,592518,3.0,3B,Confirmed Lineup,4.2,,,,,0.76,0.38,0.77,0.55,0.52,1.84,0.29,False,96.0,99.0,96.0,88.0,93.0,91.0,91.0,92.0,94.0,high,high,high,high,high,high,high,high,high
hitter,SD,BAL,Xander Bogaerts,593428,4.0,SS,Confirmed Lineup,3.85,,,,,0.63,0.42,0.73,0.48,0.43,1.64,0.2,False,96.0,99.0,96.0,88.0,93.0,91.0,91.0,92.0,94.0,high,high,high,high,high,high,high,high,high
hitter,SD,BAL,Gavin Sheets,657757,5.0,1B,Confirmed Lineup,4.2,,,,,0.67,0.47,0.77,0.57,0.52,1.86,0.3,False,96.0,99.0,96.0,88.0,93.0,91.0,91.0,92.0,94.0,high,high,high,high,high,high,high,high,high
hitter,SD,BAL,Samad Taylor,669392,6.0,LF,Confirmed Lineup,3.85,,,,,0.61,0.36,0.69,0.39,0.4,1.48,0.18,True,40.0,44.0,40.0,32.0,37.0,35.0,35.0,36.0,38.0,low,low,low,low,low,low,low,low,low
hitter,SD,BAL,Will Wagner,695238,7.0,DH,Confirmed Lineup,3.85,,,,,0.61,0.36,0.68,0.39,0.35,1.42,0.18,True,40.0,44.0,40.0,32.0,37.0,35.0,35.0,36.0,38.0,low,low,low,low,low,low,low,low,low
hitter,SD,BAL,Jase Bowen,687749,8.0,RF,Confirmed Lineup,3.79,,,,,0.61,0.36,0.68,0.39,0.35,1.41,0.18,True,40.0,44.0,40.0,32.0,37.0,35.0,35.0,36.0,38.0,low,low,low,low,low,low,low,low,low
hitter,SD,BAL,Freddy Fermin,666023,9.0,C,Confirmed Lineup,3.41,,,,,0.6,0.32,0.52,0.32,0.29,1.13,0.17,False,96.0,99.0,96.0,88.0,93.0,91.0,91.0,92.0,94.0,high,high,high,high,high,high,high,high,high
hitter,BAL,SD,Taylor Ward,621493,1.0,DH,Confirmed Lineup,4.41,,,,,0.77,0.79,0.91,0.6,0.4,1.91,0.14,False,96.0,99.0,96.0,88.0,93.0,91.0,91.0,92.0,94.0,high,high,high,high,high,high,high,high,high
hitter,BAL,SD,Gunnar Henderson,683002,2.0,SS,Confirmed Lineup,4.54,,,,,0.68,0.47,0.93,0.55,0.41,1.9,0.16,False,96.0,99.0,96.0,88.0,93.0,91.0,91.0,92.0,94.0,high,high,high,high,high,high,high,high,high
hitter,BAL,SD,Pete Alonso,624413,3.0,1B,Confirmed Lineup,4.37,,,,,0.63,0.5,1.04,0.66,0.6,2.31,0.27,False,96.0,99.0,96.0,88.0,93.0,91.0,91.0,92.0,94.0,high,high,high,high,high,high,high,high,high
hitter,BAL,SD,Samuel Basallo,694212,4.0,C,Confirmed Lineup,3.88,,,,,0.63,0.42,0.83,0.51,0.45,1.8,0.18,False,96.0,99.0,96.0,88.0,93.0,91.0,91.0,92.0,94.0,high,high,high,high,high,high,high,high,high
hitter,BAL,SD,Leody Taveras,665750,5.0,CF,Confirmed Lineup,3.94,,,,,0.57,0.42,0.79,0.47,0.39,1.65,0.12,False,96.0,99.0,96.0,88.0,93.0,91.0,91.0,92.0,94.0,high,high,high,high,high,high,high,high,high
hitter,BAL,SD,Colton Cowser,681297,6.0,LF,Confirmed Lineup,2.88,,,,,0.67,0.33,0.61,0.31,0.29,1.21,0.08,False,96.0,99.0,96.0,88.0,93.0,91.0,91.0,92.0,94.0,high,high,high,high,high,high,high,high,high
hitter,BAL,SD,Tyler O'Neill,641933,7.0,RF,Confirmed Lineup,4.1,,,,,0.63,0.51,0.92,0.48,0.4,1.79,0.14,False,96.0,99.0,96.0,88.0,93.0,91.0,91.0,92.0,94.0,high,high,high,high,high,high,high,high,high
hitter,BAL,SD,Jackson Holliday,702616,8.0,2B,Confirmed Lineup,2.84,,,,,0.65,0.24,0.56,0.27,0.23,1.06,0.07,False,96.0,99.0,96.0,88.0,93.0,91.0,91.0,92.0,94.0,high,high,high,high,high,high,high,high,high
hitter,BAL,SD,Blaze Alexander,677942,9.0,3B,Confirmed Lineup,3.37,,,,,0.67,0.35,0.59,0.32,0.27,1.19,0.11,False,96.0,99.0,96.0,88.0,93.0,91.0,91.0,92.0,94.0,high,high,high,high,high,high,high,high,high
hitter,SEA,WSH,Cole Young,702284,1.0,2B,Confirmed Lineup,3.71,,,,,0.93,0.22,0.57,0.27,0.18,1.03,0.0,False,96.0,99.0,96.0,88.0,93.0,91.0,91.0,92.0,94.0,high,high,high,high,high,high,high,high,high
hitter,SEA,WSH,Julio Rodríguez,677594,2.0,CF,Confirmed Lineup,4.05,,,,,1.17,0.19,0.61,0.28,0.2,1.09,0.0,False,96.0,99.0,96.0,88.0,93.0,91.0,91.0,92.0,94.0,high,high,high,high,high,high,high,high,high
hitter,SEA,WSH,Josh Naylor,647304,3.0,1B,Confirmed Lineup,4.18,,,,,0.76,0.2,0.8,0.37,0.31,1.48,0.03,False,96.0,99.0,96.0,88.0,93.0,91.0,91.0,92.0,94.0,high,high,high,high,high,high,high,high,high
hitter,SEA,WSH,Luke Raley,670042,4.0,LF,Confirmed Lineup,3.04,,,,,0.99,0.13,0.26,0.13,0.09,0.48,0.0,False,96.0,99.0,96.0,88.0,93.0,91.0,91.0,92.0,94.0,high,high,high,high,high,high,high,high,high
hitter,SEA,WSH,Dominic Canzone,686527,5.0,DH,Confirmed Lineup,2.92,,,,,0.77,0.14,0.37,0.18,0.14,0.69,0.0,False,96.0,99.0,96.0,88.0,93.0,91.0,91.0,92.0,94.0,high,high,high,high,high,high,high,high,high
hitter,SEA,WSH,Victor Robles,645302,6.0,RF,Confirmed Lineup,3.33,,,,,0.94,0.18,0.46,0.2,0.18,0.83,0.01,False,96.0,99.0,96.0,88.0,93.0,91.0,91.0,92.0,94.0,high,high,high,high,high,high,high,high,high
hitter,SEA,WSH,Miles Mastrobuoni,670156,7.0,3B,Confirmed Lineup,3.6,,,,,0.96,0.18,0.48,0.2,0.16,0.83,0.0,True,40.0,44.0,40.0,32.0,37.0,35.0,35.0,36.0,38.0,low,low,low,low,low,low,low,low,low
hitter,SEA,WSH,Mitch Garver,641598,8.0,C,Confirmed Lineup,3.43,,,,,1.09,0.29,0.33,0.17,0.12,0.61,0.01,False,96.0,99.0,96.0,88.0,93.0,91.0,91.0,92.0,94.0,high,high,high,high,high,high,high,high,high
hitter,SEA,WSH,Colt Emerson,806068,9.0,SS,Confirmed Lineup,3.35,,,,,1.0,0.25,0.32,0.17,0.12,0.61,0.03,False,96.0,99.0,96.0,88.0,93.0,91.0,91.0,92.0,94.0,high,high,high,high,high,high,high,high,high
hitter,WSH,SEA,James Wood,695578,1.0,RF,Confirmed Lineup,4.09,,,,,1.04,0.69,0.63,0.51,0.37,1.51,0.23,False,96.0,99.0,96.0,88.0,93.0,91.0,91.0,92.0,94.0,high,high,high,high,high,high,high,high,high
hitter,WSH,SEA,Luis García Jr.,671277,2.0,1B,Confirmed Lineup,3.28,,,,,0.68,0.31,0.48,0.28,0.19,0.95,0.04,False,96.0,99.0,96.0,88.0,93.0,91.0,91.0,92.0,94.0,high,high,high,high,high,high,high,high,high
hitter,WSH,SEA,Curtis Mead,678554,3.0,3B,Confirmed Lineup,3.67,,,,,0.78,0.44,0.52,0.36,0.28,1.16,0.11,False,96.0,99.0,96.0,88.0,93.0,91.0,91.0,92.0,94.0,high,high,high,high,high,high,high,high,high
hitter,WSH,SEA,CJ Abrams,682928,4.0,SS,Confirmed Lineup,4.16,,,,,0.89,0.53,0.69,0.48,0.4,1.57,0.19,False,96.0,99.0,96.0,88.0,93.0,91.0,91.0,92.0,94.0,high,high,high,high,high,high,high,high,high
hitter,WSH,SEA,Daylen Lile,695734,5.0,LF,Confirmed Lineup,4.18,,,,,0.91,0.33,0.72,0.39,0.32,1.42,0.06,False,96.0,99.0,96.0,88.0,93.0,91.0,91.0,92.0,94.0,high,high,high,high,high,high,high,high,high
hitter,WSH,SEA,Dylan Crews,686611,6.0,CF,Confirmed Lineup,3.78,,,,,0.67,0.4,0.53,0.3,0.28,1.12,0.1,False,96.0,99.0,96.0,88.0,93.0,91.0,91.0,92.0,94.0,high,high,high,high,high,high,high,high,high
hitter,WSH,SEA,José Tena,677588,7.0,DH,Confirmed Lineup,3.09,,,,,0.83,0.31,0.46,0.28,0.25,0.98,0.14,False,96.0,99.0,96.0,88.0,93.0,91.0,91.0,92.0,94.0,high,high,high,high,high,high,high,high,high
hitter,WSH,SEA,Drew Millas,686452,8.0,C,Confirmed Lineup,3.02,,,,,0.75,0.26,0.33,0.19,0.15,0.67,0.06,False,96.0,99.0,96.0,88.0,93.0,91.0,91.0,92.0,94.0,high,high,high,high,high,high,high,high,high
hitter,WSH,SEA,Nasim Nuñez,683083,9.0,2B,Confirmed Lineup,3.26,,,,,0.81,0.4,0.41,0.25,0.18,0.84,0.08,False,96.0,99.0,96.0,88.0,93.0,91.0,91.0,92.0,94.0,high,high,high,high,high,high,high,high,high
hitter,MIA,PIT,Liam Hicks,689414,1.0,C,Confirmed Lineup,3.87,,,,,0.88,0.4,0.54,0.3,0.19,1.02,0.02,False,96.0,99.0,96.0,88.0,93.0,91.0,91.0,92.0,94.0,high,high,high,high,high,high,high,high,high
hitter,MIA,PIT,Otto Lopez,672640,2.0,DH,Confirmed Lineup,3.53,,,,,0.96,0.31,0.66,0.33,0.22,1.21,0.01,False,96.0,99.0,96.0,88.0,93.0,91.0,91.0,92.0,94.0,high,high,high,high,high,high,high,high,high
hitter,MIA,PIT,Xavier Edwards,669364,3.0,2B,Confirmed Lineup,4.2,,,,,0.91,0.46,0.48,0.28,0.18,0.94,0.01,False,96.0,99.0,96.0,88.0,93.0,91.0,91.0,92.0,94.0,high,high,high,high,high,high,high,high,high
hitter,MIA,PIT,Kyle Stowers,669065,4.0,RF,Confirmed Lineup,3.99,,,,,1.36,0.46,0.49,0.3,0.2,0.99,0.03,False,96.0,99.0,96.0,88.0,93.0,91.0,91.0,92.0,94.0,high,high,high,high,high,high,high,high,high
hitter,MIA,PIT,Heriberto Hernández,681715,5.0,LF,Confirmed Lineup,2.45,,,,,0.96,0.22,0.22,0.13,0.08,0.43,0.0,False,96.0,99.0,96.0,88.0,93.0,91.0,91.0,92.0,94.0,high,high,high,high,high,high,high,high,high
hitter,MIA,PIT,Leo Jiménez,677870,6.0,3B,Confirmed Lineup,2.83,,,,,0.98,0.32,0.31,0.17,0.13,0.61,0.03,False,96.0,99.0,96.0,88.0,93.0,91.0,91.0,92.0,94.0,high,high,high,high,high,high,high,high,high
hitter,MIA,PIT,Jakob Marsee,805300,7.0,CF,Confirmed Lineup,4.13,,,,,1.46,0.55,0.37,0.24,0.15,0.76,0.05,False,96.0,99.0,96.0,88.0,93.0,91.0,91.0,92.0,94.0,high,high,high,high,high,high,high,high,high
hitter,MIA,PIT,Javier Sanoja,691594,8.0,SS,Confirmed Lineup,3.74,,,,,0.89,0.31,0.42,0.21,0.15,0.78,0.02,False,96.0,99.0,96.0,88.0,93.0,91.0,91.0,92.0,94.0,high,high,high,high,high,high,high,high,high
hitter,MIA,PIT,Connor Norby,681393,9.0,1B,Confirmed Lineup,3.67,,,,,1.12,0.49,0.49,0.28,0.19,0.96,0.05,False,96.0,99.0,96.0,88.0,93.0,91.0,91.0,92.0,94.0,high,high,high,high,high,high,high,high,high
hitter,PIT,MIA,Spencer Horwitz,687462,1.0,1B,Confirmed Lineup,3.54,,,,,0.8,0.18,0.62,0.3,0.22,1.13,0.03,False,82.0,86.0,82.0,74.0,79.0,77.0,77.0,78.0,80.0,high,high,high,medium,medium,medium,medium,medium,high
hitter,PIT,MIA,Brandon Lowe,664040,2.0,2B,Confirmed Lineup,4.35,,,,,1.27,0.21,0.72,0.34,0.25,1.31,0.03,False,82.0,86.0,82.0,74.0,79.0,77.0,77.0,78.0,80.0,high,high,high,medium,medium,medium,medium,medium,high
hitter,PIT,MIA,Bryan Reynolds,668804,3.0,LF,Confirmed Lineup,3.89,,,,,1.05,0.29,0.72,0.36,0.29,1.38,0.03,False,82.0,86.0,82.0,74.0,79.0,77.0,77.0,78.0,80.0,high,high,high,medium,medium,medium,medium,medium,high
hitter,PIT,MIA,Ryan O'Hearn,656811,4.0,DH,Confirmed Lineup,3.46,,,,,1.3,0.12,0.61,0.28,0.24,1.12,0.02,False,82.0,86.0,82.0,74.0,79.0,77.0,77.0,78.0,80.0,high,high,high,medium,medium,medium,medium,medium,high
hitter,PIT,MIA,Nick Gonzales,693304,5.0,3B,Confirmed Lineup,4.14,,,,,0.76,0.17,0.85,0.38,0.33,1.56,0.02,False,82.0,86.0,82.0,74.0,79.0,77.0,77.0,78.0,80.0,high,high,high,medium,medium,medium,medium,medium,high
hitter,PIT,MIA,Endy Rodríguez,682848,6.0,C,Confirmed Lineup,3.69,,,,,0.93,0.19,0.67,0.27,0.26,1.2,0.01,False,82.0,86.0,82.0,74.0,79.0,77.0,77.0,78.0,80.0,high,high,high,medium,medium,medium,medium,medium,high
hitter,PIT,MIA,Tyler Callihan,682997,7.0,RF,Confirmed Lineup,3.76,,,,,0.78,0.33,0.7,0.31,0.23,1.24,0.01,True,40.0,44.0,40.0,32.0,37.0,35.0,35.0,36.0,38.0,low,low,low,low,low,low,low,low,low
hitter,PIT,MIA,Jake Mangum,663968,8.0,CF,Confirmed Lineup,3.2,,,,,0.85,0.14,0.47,0.19,0.15,0.81,0.0,False,82.0,86.0,82.0,74.0,79.0,77.0,77.0,78.0,80.0,high,high,high,medium,medium,medium,medium,medium,high
hitter,PIT,MIA,Jared Triolo,669707,9.0,SS,Confirmed Lineup,3.32,,,,,0.8,0.21,0.63,0.27,0.23,1.13,0.04,False,82.0,86.0,82.0,74.0,79.0,77.0,77.0,78.0,80.0,high,high,high,medium,medium,medium,medium,medium,high
hitter,DET,CLE,Gleyber Torres,650402,1.0,2B,Expected Lineup,4.06,,,,,0.77,0.48,0.5,0.3,0.18,0.97,0.02,False,88.0,92.0,88.0,80.0,85.0,83.0,83.0,84.0,86.0,high,high,high,high,high,high,high,high,high
hitter,DET,CLE,Kevin McGonigle,805808,2.0,3B,Expected Lineup,4.22,,,,,0.87,0.57,0.66,0.39,0.24,1.29,0.03,False,88.0,92.0,88.0,80.0,85.0,83.0,83.0,84.0,86.0,high,high,high,high,high,high,high,high,high
hitter,DET,CLE,Dillon Dingler,693307,3.0,C,Expected Lineup,4.26,,,,,1.11,0.39,0.56,0.32,0.24,1.12,0.04,False,88.0,92.0,88.0,80.0,85.0,83.0,83.0,84.0,86.0,high,high,high,high,high,high,high,high,high
hitter,DET,CLE,Riley Greene,682985,4.0,LF,Expected Lineup,4.0,,,,,1.23,0.47,0.61,0.36,0.26,1.23,0.04,False,88.0,92.0,88.0,80.0,85.0,83.0,83.0,84.0,86.0,high,high,high,high,high,high,high,high,high
hitter,DET,CLE,Jahmai Jones,663330,5.0,DH,Expected Lineup,2.51,,,,,0.79,0.25,0.22,0.15,0.11,0.48,0.03,False,88.0,92.0,88.0,80.0,85.0,83.0,83.0,84.0,86.0,high,high,high,high,high,high,high,high,high
hitter,DET,CLE,Spencer Torkelson,679529,6.0,1B,Expected Lineup,3.42,,,,,0.98,0.34,0.36,0.21,0.18,0.75,0.06,False,88.0,92.0,88.0,80.0,85.0,83.0,83.0,84.0,86.0,high,high,high,high,high,high,high,high,high
hitter,DET,CLE,Matt Vierling,663837,7.0,CF,Expected Lineup,4.15,,,,,0.73,0.5,0.55,0.29,0.19,1.03,0.02,False,88.0,92.0,88.0,80.0,85.0,83.0,83.0,84.0,86.0,high,high,high,high,high,high,high,high,high
hitter,DET,CLE,Wenceel Pérez,672761,8.0,RF,Expected Lineup,2.99,,,,,0.74,0.23,0.39,0.19,0.14,0.72,0.02,False,88.0,92.0,88.0,80.0,85.0,83.0,83.0,84.0,86.0,high,high,high,high,high,high,high,high,high
hitter,DET,CLE,Zach McKinstry,656716,9.0,SS,Expected Lineup,3.11,,,,,0.64,0.31,0.47,0.23,0.17,0.87,0.02,False,88.0,92.0,88.0,80.0,85.0,83.0,83.0,84.0,86.0,high,high,high,high,high,high,high,high,high
hitter,CLE,DET,Angel Martínez,682657,1.0,LF,Confirmed Lineup,3.71,,,,,1.09,0.12,0.68,0.36,0.3,1.33,0.11,False,96.0,99.0,96.0,88.0,93.0,91.0,91.0,92.0,94.0,high,high,high,high,high,high,high,high,high
hitter,CLE,DET,José Ramírez,608070,2.0,3B,Confirmed Lineup,4.33,,,,,1.08,0.48,0.71,0.48,0.36,1.55,0.19,False,96.0,99.0,96.0,88.0,93.0,91.0,91.0,92.0,94.0,high,high,high,high,high,high,high,high,high
hitter,CLE,DET,Chase DeLauter,800050,3.0,RF,Confirmed Lineup,3.97,,,,,0.8,0.22,0.84,0.44,0.4,1.67,0.11,False,96.0,99.0,96.0,88.0,93.0,91.0,91.0,92.0,94.0,high,high,high,high,high,high,high,high,high
hitter,CLE,DET,Rhys Hoskins,656555,4.0,1B,Confirmed Lineup,2.58,,,,,0.99,0.17,0.43,0.27,0.25,0.95,0.11,False,96.0,99.0,96.0,88.0,93.0,91.0,91.0,92.0,94.0,high,high,high,high,high,high,high,high,high
hitter,CLE,DET,David Fry,681807,5.0,DH,Confirmed Lineup,2.45,,,,,0.85,0.12,0.36,0.22,0.21,0.78,0.09,False,96.0,99.0,96.0,88.0,93.0,91.0,91.0,92.0,94.0,high,high,high,high,high,high,high,high,high
hitter,CLE,DET,Travis Bazzana,683953,6.0,2B,Confirmed Lineup,4.24,,,,,0.98,0.22,0.65,0.31,0.32,1.28,0.1,False,96.0,99.0,96.0,88.0,93.0,91.0,91.0,92.0,94.0,high,high,high,high,high,high,high,high,high
hitter,CLE,DET,Stuart Fairchild,656413,7.0,CF,Confirmed Lineup,3.44,,,,,0.91,0.16,0.6,0.28,0.25,1.13,0.08,True,40.0,44.0,40.0,32.0,37.0,35.0,35.0,36.0,38.0,low,low,low,low,low,low,low,low,low
hitter,CLE,DET,Austin Hedges,595978,8.0,C,Confirmed Lineup,2.48,,,,,0.82,0.14,0.31,0.18,0.16,0.65,0.09,False,96.0,99.0,96.0,88.0,93.0,91.0,91.0,92.0,94.0,high,high,high,high,high,high,high,high,high
hitter,CLE,DET,Brayan Rocchio,677587,9.0,SS,Confirmed Lineup,3.32,,,,,0.65,0.12,0.61,0.26,0.24,1.12,0.06,False,96.0,99.0,96.0,88.0,93.0,91.0,91.0,92.0,94.0,high,high,high,high,high,high,high,high,high
hitter,TEX,BOS,Wyatt Langford,694671,1.0,LF,Expected Lineup,3.96,,,,,0.68,0.41,0.68,0.38,0.26,1.32,0.06,False,88.0,92.0,88.0,80.0,85.0,83.0,83.0,84.0,86.0,high,high,high,high,high,high,high,high,high
hitter,TEX,BOS,Corey Seager,608369,2.0,SS,Expected Lineup,4.04,,,,,0.77,0.63,0.77,0.44,0.27,1.48,0.02,False,88.0,92.0,88.0,80.0,85.0,83.0,83.0,84.0,86.0,high,high,high,high,high,high,high,high,high
hitter,TEX,BOS,Josh Jung,673962,3.0,3B,Expected Lineup,4.49,,,,,0.63,0.45,0.99,0.51,0.41,1.92,0.05,False,88.0,92.0,88.0,80.0,85.0,83.0,83.0,84.0,86.0,high,high,high,high,high,high,high,high,high
hitter,TEX,BOS,Brandon Nimmo,607043,4.0,RF,Expected Lineup,4.49,,,,,0.72,0.47,0.9,0.48,0.37,1.76,0.05,False,88.0,92.0,88.0,80.0,85.0,83.0,83.0,84.0,86.0,high,high,high,high,high,high,high,high,high
hitter,TEX,BOS,Ezequiel Duran,677649,5.0,2B,Expected Lineup,4.14,,,,,0.77,0.45,0.76,0.42,0.32,1.49,0.05,False,88.0,92.0,88.0,80.0,85.0,83.0,83.0,84.0,86.0,high,high,high,high,high,high,high,high,high
hitter,TEX,BOS,Jake Burger,669394,6.0,1B,Expected Lineup,4.07,,,,,0.73,0.44,0.85,0.4,0.36,1.61,0.05,False,88.0,92.0,88.0,80.0,85.0,83.0,83.0,84.0,86.0,high,high,high,high,high,high,high,high,high
hitter,TEX,BOS,Kyle Higashioka,543309,7.0,C,Expected Lineup,3.88,,,,,0.87,0.36,0.61,0.3,0.23,1.14,0.05,False,88.0,92.0,88.0,80.0,85.0,83.0,83.0,84.0,86.0,high,high,high,high,high,high,high,high,high
hitter,TEX,BOS,Justin Foscue,679822,8.0,DH,Expected Lineup,3.41,,,,,0.72,0.35,0.65,0.31,0.25,1.21,0.05,False,88.0,92.0,88.0,80.0,85.0,83.0,83.0,84.0,86.0,high,high,high,high,high,high,high,high,high
hitter,TEX,BOS,Michael Helman,680737,9.0,CF,Expected Lineup,2.37,,,,,0.74,0.31,0.42,0.21,0.15,0.77,0.02,False,88.0,92.0,88.0,80.0,85.0,83.0,83.0,84.0,86.0,high,high,high,high,high,high,high,high,high
hitter,BOS,TEX,Mickey Gasper,681508,1.0,DH,Confirmed Lineup,2.92,,,,,0.71,0.3,0.74,0.51,0.43,1.69,0.27,False,96.0,99.0,96.0,88.0,93.0,91.0,91.0,92.0,94.0,high,high,high,high,high,high,high,high,high
hitter,BOS,TEX,Ceddanne Rafaela,678882,2.0,CF,Confirmed Lineup,4.46,,,,,0.81,0.48,1.03,0.63,0.49,2.16,0.22,False,96.0,99.0,96.0,88.0,93.0,91.0,91.0,92.0,94.0,high,high,high,high,high,high,high,high,high
hitter,BOS,TEX,Wilyer Abreu,677800,3.0,RF,Confirmed Lineup,4.54,,,,,0.71,0.59,1.09,0.72,0.64,2.44,0.29,False,96.0,99.0,96.0,88.0,93.0,91.0,91.0,92.0,94.0,high,high,high,high,high,high,high,high,high
hitter,BOS,TEX,Willson Contreras,575929,4.0,1B,Confirmed Lineup,4.52,,,,,0.86,0.44,1.06,0.72,0.69,2.48,0.37,False,96.0,99.0,96.0,88.0,93.0,91.0,91.0,92.0,94.0,high,high,high,high,high,high,high,high,high
hitter,BOS,TEX,Jarren Duran,680776,5.0,LF,Confirmed Lineup,4.97,,,,,0.93,0.54,1.1,0.85,0.84,2.8,0.54,False,96.0,99.0,96.0,88.0,93.0,91.0,91.0,92.0,94.0,high,high,high,high,high,high,high,high,high
hitter,BOS,TEX,Caleb Durbin,702332,6.0,3B,Confirmed Lineup,3.89,,,,,0.62,0.29,0.74,0.44,0.49,1.67,0.26,False,96.0,99.0,96.0,88.0,93.0,91.0,91.0,92.0,94.0,high,high,high,high,high,high,high,high,high
hitter,BOS,TEX,Isiah Kiner-Falefa,643396,7.0,2B,Confirmed Lineup,3.11,,,,,0.64,0.32,0.68,0.37,0.34,1.39,0.16,False,96.0,99.0,96.0,88.0,93.0,91.0,91.0,92.0,94.0,high,high,high,high,high,high,high,high,high
hitter,BOS,TEX,Marcelo Mayer,691785,8.0,SS,Confirmed Lineup,4.3,,,,,0.74,0.39,1.03,0.57,0.53,2.13,0.28,False,96.0,99.0,96.0,88.0,93.0,91.0,91.0,92.0,94.0,high,high,high,high,high,high,high,high,high
hitter,BOS,TEX,Carlos Narváez,665966,9.0,C,Confirmed Lineup,3.79,,,,,0.85,0.38,0.8,0.5,0.48,1.78,0.3,False,96.0,99.0,96.0,88.0,93.0,91.0,91.0,92.0,94.0,high,high,high,high,high,high,high,high,high
hitter,ATL,NYM,Mauricio Dubón,643289,1.0,LF,Confirmed Lineup,3.6,,,,,0.59,0.17,0.71,0.32,0.23,1.26,0.01,False,82.0,86.0,82.0,74.0,79.0,77.0,77.0,78.0,80.0,high,high,high,medium,medium,medium,medium,medium,high
hitter,ATL,NYM,Michael Harris II,671739,2.0,CF,Confirmed Lineup,3.68,,,,,0.75,0.15,0.92,0.47,0.39,1.77,0.12,False,82.0,86.0,82.0,74.0,79.0,77.0,77.0,78.0,80.0,high,high,high,medium,medium,medium,medium,medium,high
hitter,ATL,NYM,Ozzie Albies,645277,3.0,2B,Confirmed Lineup,4.05,,,,,0.53,0.21,0.95,0.45,0.39,1.79,0.05,False,82.0,86.0,82.0,74.0,79.0,77.0,77.0,78.0,80.0,high,high,high,medium,medium,medium,medium,medium,high
hitter,ATL,NYM,Matt Olson,621566,4.0,1B,Confirmed Lineup,3.97,,,,,0.77,0.24,0.9,0.54,0.52,1.96,0.23,False,82.0,86.0,82.0,74.0,79.0,77.0,77.0,78.0,80.0,high,high,high,medium,medium,medium,medium,medium,high
hitter,ATL,NYM,Austin Riley,663586,5.0,3B,Confirmed Lineup,3.71,,,,,0.84,0.17,0.85,0.41,0.37,1.62,0.07,False,82.0,86.0,82.0,74.0,79.0,77.0,77.0,78.0,80.0,high,high,high,medium,medium,medium,medium,medium,high
hitter,ATL,NYM,Eli White,642201,6.0,RF,Confirmed Lineup,2.66,,,,,0.59,0.12,0.52,0.22,0.23,0.97,0.05,False,82.0,86.0,82.0,74.0,79.0,77.0,77.0,78.0,80.0,high,high,high,medium,medium,medium,medium,medium,high
hitter,ATL,NYM,Jorge Mateo,622761,7.0,DH,Confirmed Lineup,3.01,,,,,0.95,0.31,0.31,0.18,0.13,0.61,0.04,False,82.0,86.0,82.0,74.0,79.0,77.0,77.0,78.0,80.0,high,high,high,medium,medium,medium,medium,medium,high
hitter,ATL,NYM,Ha-Seong Kim,673490,8.0,SS,Confirmed Lineup,3.29,,,,,0.6,0.23,0.69,0.31,0.26,1.26,0.05,False,82.0,86.0,82.0,74.0,79.0,77.0,77.0,78.0,80.0,high,high,high,medium,medium,medium,medium,medium,high
hitter,ATL,NYM,Sandy León,506702,9.0,C,Confirmed Lineup,2.68,,,,,0.66,0.11,0.39,0.18,0.16,0.73,0.05,False,82.0,86.0,82.0,74.0,79.0,77.0,77.0,78.0,80.0,high,high,high,medium,medium,medium,medium,medium,high
hitter,NYM,ATL,Carson Benge,701807,1.0,RF,Confirmed Lineup,3.76,,,,,0.98,0.23,0.86,0.42,0.32,1.6,0.07,False,96.0,99.0,96.0,88.0,93.0,91.0,91.0,92.0,94.0,high,high,high,high,high,high,high,high,high
hitter,NYM,ATL,Bo Bichette,666182,2.0,SS,Confirmed Lineup,4.18,,,,,1.03,0.31,0.77,0.45,0.35,1.57,0.15,False,96.0,99.0,96.0,88.0,93.0,91.0,91.0,92.0,94.0,high,high,high,high,high,high,high,high,high
hitter,NYM,ATL,Juan Soto,665742,3.0,LF,Confirmed Lineup,4.29,,,,,1.41,0.36,0.86,0.51,0.46,1.83,0.18,False,96.0,99.0,96.0,88.0,93.0,91.0,91.0,92.0,94.0,high,high,high,high,high,high,high,high,high
hitter,NYM,ATL,Jared Young,676724,4.0,1B,Confirmed Lineup,3.3,,,,,1.05,0.28,0.58,0.35,0.3,1.23,0.11,False,96.0,99.0,96.0,88.0,93.0,91.0,91.0,92.0,94.0,high,high,high,high,high,high,high,high,high
hitter,NYM,ATL,A.J. Ewing,805999,5.0,CF,Confirmed Lineup,3.58,,,,,1.35,0.39,0.66,0.42,0.35,1.43,0.14,False,96.0,99.0,96.0,88.0,93.0,91.0,91.0,92.0,94.0,high,high,high,high,high,high,high,high,high
hitter,NYM,ATL,Marcus Semien,543760,6.0,2B,Confirmed Lineup,4.11,,,,,1.13,0.36,0.66,0.33,0.31,1.31,0.09,False,96.0,99.0,96.0,88.0,93.0,91.0,91.0,92.0,94.0,high,high,high,high,high,high,high,high,high
hitter,NYM,ATL,Brett Baty,683146,7.0,3B,Confirmed Lineup,3.48,,,,,1.24,0.31,0.52,0.29,0.24,1.05,0.1,False,96.0,99.0,96.0,88.0,93.0,91.0,91.0,92.0,94.0,high,high,high,high,high,high,high,high,high
hitter,NYM,ATL,MJ Melendez,669004,8.0,DH,Confirmed Lineup,3.05,,,,,0.98,0.28,0.41,0.23,0.19,0.83,0.08,False,96.0,99.0,96.0,88.0,93.0,91.0,91.0,92.0,94.0,high,high,high,high,high,high,high,high,high
hitter,NYM,ATL,Luis Torrens,620443,9.0,C,Confirmed Lineup,3.33,,,,,0.94,0.25,0.47,0.24,0.2,0.91,0.07,False,96.0,99.0,96.0,88.0,93.0,91.0,91.0,92.0,94.0,high,high,high,high,high,high,high,high,high
hitter,LAD,CWS,Shohei Ohtani,660271,1.0,DH,Confirmed Lineup,4.31,,,,,1.04,0.49,0.72,0.42,0.28,1.41,0.07,False,96.0,99.0,96.0,88.0,93.0,91.0,91.0,92.0,94.0,high,high,high,high,high,high,high,high,high
hitter,LAD,CWS,Andy Pages,681624,2.0,CF,Confirmed Lineup,4.14,,,,,0.88,0.33,0.8,0.42,0.3,1.52,0.06,False,96.0,99.0,96.0,88.0,93.0,91.0,91.0,92.0,94.0,high,high,high,high,high,high,high,high,high
hitter,LAD,CWS,Freddie Freeman,518692,3.0,1B,Confirmed Lineup,4.14,,,,,0.84,0.46,0.81,0.44,0.34,1.58,0.05,False,96.0,99.0,96.0,88.0,93.0,91.0,91.0,92.0,94.0,high,high,high,high,high,high,high,high,high
hitter,LAD,CWS,Mookie Betts,605141,4.0,SS,Confirmed Lineup,4.39,,,,,0.9,0.44,0.75,0.4,0.3,1.45,0.03,False,96.0,99.0,96.0,88.0,93.0,91.0,91.0,92.0,94.0,high,high,high,high,high,high,high,high,high
hitter,LAD,CWS,Max Muncy,571970,5.0,3B,Confirmed Lineup,3.91,,,,,1.08,0.46,0.77,0.4,0.3,1.47,0.02,False,96.0,99.0,96.0,88.0,93.0,91.0,91.0,92.0,94.0,high,high,high,high,high,high,high,high,high
hitter,LAD,CWS,Kyle Tucker,663656,6.0,RF,Confirmed Lineup,4.11,,,,,0.85,0.39,0.74,0.34,0.3,1.38,0.03,False,96.0,99.0,96.0,88.0,93.0,91.0,91.0,92.0,94.0,high,high,high,high,high,high,high,high,high
hitter,LAD,CWS,Ryan Ward,669899,7.0,LF,Confirmed Lineup,3.66,,,,,0.71,0.29,0.72,0.3,0.24,1.26,0.01,False,96.0,99.0,96.0,88.0,93.0,91.0,91.0,92.0,94.0,high,high,high,high,high,high,high,high,high
hitter,LAD,CWS,Dalton Rushing,687221,8.0,C,Confirmed Lineup,3.41,,,,,0.88,0.31,0.54,0.25,0.19,0.98,0.03,False,96.0,99.0,96.0,88.0,93.0,91.0,91.0,92.0,94.0,high,high,high,high,high,high,high,high,high
hitter,LAD,CWS,Alex Freeland,690976,9.0,2B,Confirmed Lineup,3.16,,,,,0.77,0.35,0.52,0.25,0.18,0.94,0.01,False,96.0,99.0,96.0,88.0,93.0,91.0,91.0,92.0,94.0,high,high,high,high,high,high,high,high,high
hitter,CWS,LAD,Sam Antonacci,803011,1.0,LF,Confirmed Lineup,3.94,,,,,0.75,0.25,0.52,0.28,0.2,1.0,0.05,False,96.0,99.0,96.0,88.0,93.0,91.0,91.0,92.0,94.0,high,high,high,high,high,high,high,high,high
hitter,CWS,LAD,Miguel Vargas,678246,2.0,3B,Confirmed Lineup,4.05,,,,,1.08,0.43,0.48,0.36,0.26,1.09,0.14,False,96.0,99.0,96.0,88.0,93.0,91.0,91.0,92.0,94.0,high,high,high,high,high,high,high,high,high
hitter,CWS,LAD,Andrew Benintendi,643217,3.0,DH,Confirmed Lineup,3.71,,,,,0.99,0.35,0.41,0.28,0.21,0.91,0.08,False,96.0,99.0,96.0,88.0,93.0,91.0,91.0,92.0,94.0,high,high,high,high,high,high,high,high,high
hitter,CWS,LAD,Colson Montgomery,695657,4.0,SS,Confirmed Lineup,4.2,,,,,1.46,0.35,0.51,0.39,0.35,1.25,0.2,False,96.0,99.0,96.0,88.0,93.0,91.0,91.0,92.0,94.0,high,high,high,high,high,high,high,high,high
hitter,CWS,LAD,Braden Montgomery,695731,5.0,RF,Confirmed Lineup,3.5,,,,,0.88,0.25,0.4,0.24,0.19,0.83,0.06,True,40.0,44.0,40.0,32.0,37.0,35.0,35.0,36.0,38.0,low,low,low,low,low,low,low,low,low
hitter,CWS,LAD,Chase Meidroth,805367,6.0,2B,Confirmed Lineup,3.7,,,,,1.01,0.38,0.41,0.25,0.23,0.89,0.1,False,96.0,99.0,96.0,88.0,93.0,91.0,91.0,92.0,94.0,high,high,high,high,high,high,high,high,high
hitter,CWS,LAD,Jacob Gonzalez,694378,7.0,1B,Confirmed Lineup,3.44,,,,,0.86,0.24,0.38,0.2,0.16,0.74,0.06,True,40.0,44.0,40.0,32.0,37.0,35.0,35.0,36.0,38.0,low,low,low,low,low,low,low,low,low
hitter,CWS,LAD,Tristan Peters,671976,8.0,CF,Confirmed Lineup,3.73,,,,,0.92,0.28,0.42,0.24,0.2,0.87,0.09,False,96.0,99.0,96.0,88.0,93.0,91.0,91.0,92.0,94.0,high,high,high,high,high,high,high,high,high
hitter,CWS,LAD,Edgar Quero,700337,9.0,C,Confirmed Lineup,3.44,,,,,0.88,0.26,0.32,0.18,0.14,0.65,0.05,False,96.0,99.0,96.0,88.0,93.0,91.0,91.0,92.0,94.0,high,high,high,high,high,high,high,high,high
hitter,HOU,KC,Jose Altuve,514888,1.0,2B,Expected Lineup,3.86,,,,,1.05,0.29,0.62,0.31,0.21,1.14,0.02,False,88.0,92.0,88.0,80.0,85.0,83.0,83.0,84.0,86.0,high,high,high,high,high,high,high,high,high
hitter,HOU,KC,Jeremy Peña,665161,2.0,SS,Expected Lineup,3.73,,,,,1.1,0.35,0.55,0.3,0.19,1.04,0.02,False,88.0,92.0,88.0,80.0,85.0,83.0,83.0,84.0,86.0,high,high,high,high,high,high,high,high,high
hitter,HOU,KC,Yordan Alvarez,670541,3.0,DH,Expected Lineup,4.01,,,,,1.27,0.4,0.76,0.42,0.34,1.51,0.07,False,88.0,92.0,88.0,80.0,85.0,83.0,83.0,84.0,86.0,high,high,high,high,high,high,high,high,high
hitter,HOU,KC,Isaac Paredes,670623,4.0,3B,Expected Lineup,3.91,,,,,1.03,0.37,0.65,0.35,0.27,1.26,0.04,False,88.0,92.0,88.0,80.0,85.0,83.0,83.0,84.0,86.0,high,high,high,high,high,high,high,high,high
hitter,HOU,KC,Christian Walker,572233,5.0,1B,Expected Lineup,3.83,,,,,1.23,0.27,0.69,0.34,0.28,1.31,0.03,False,88.0,92.0,88.0,80.0,85.0,83.0,83.0,84.0,86.0,high,high,high,high,high,high,high,high,high
hitter,HOU,KC,Jake Meyers,676694,6.0,CF,Expected Lineup,3.08,,,,,1.08,0.25,0.38,0.18,0.15,0.71,0.01,False,88.0,92.0,88.0,80.0,85.0,83.0,83.0,84.0,86.0,high,high,high,high,high,high,high,high,high
hitter,HOU,KC,Cam Smith,701358,7.0,RF,Expected Lineup,3.71,,,,,1.14,0.23,0.43,0.19,0.14,0.76,0.01,False,88.0,92.0,88.0,80.0,85.0,83.0,83.0,84.0,86.0,high,high,high,high,high,high,high,high,high
hitter,HOU,KC,Brice Matthews,694728,8.0,LF,Expected Lineup,4.05,,,,,1.11,0.29,0.5,0.25,0.19,0.94,0.05,False,88.0,92.0,88.0,80.0,85.0,83.0,83.0,84.0,86.0,high,high,high,high,high,high,high,high,high
hitter,HOU,KC,Christian Vázquez,543877,9.0,C,Expected Lineup,3.21,,,,,0.8,0.28,0.4,0.19,0.14,0.73,0.02,False,88.0,92.0,88.0,80.0,85.0,83.0,83.0,84.0,86.0,high,high,high,high,high,high,high,high,high
hitter,KC,HOU,Carter Jensen,695600,1.0,DH,Expected Lineup,3.4,,,,,0.7,0.45,0.49,0.37,0.27,1.13,0.16,False,88.0,92.0,88.0,80.0,85.0,83.0,83.0,84.0,86.0,high,high,high,high,high,high,high,high,high
hitter,KC,HOU,Bobby Witt Jr.,677951,2.0,SS,Expected Lineup,4.26,,,,,0.5,0.44,1.0,0.69,0.58,2.27,0.36,False,88.0,92.0,88.0,80.0,85.0,83.0,83.0,84.0,86.0,high,high,high,high,high,high,high,high,high
hitter,KC,HOU,Maikel Garcia,672580,3.0,3B,Expected Lineup,4.23,,,,,0.54,0.45,0.73,0.42,0.33,1.49,0.08,False,88.0,92.0,88.0,80.0,85.0,83.0,83.0,84.0,86.0,high,high,high,high,high,high,high,high,high
hitter,KC,HOU,Vinnie Pasquantino,686469,4.0,1B,Expected Lineup,3.84,,,,,0.52,0.43,0.71,0.48,0.43,1.62,0.2,False,88.0,92.0,88.0,80.0,85.0,83.0,83.0,84.0,86.0,high,high,high,high,high,high,high,high,high
hitter,KC,HOU,Salvador Perez,521692,5.0,C,Expected Lineup,4.24,,,,,0.68,0.37,0.75,0.46,0.4,1.61,0.15,False,88.0,92.0,88.0,80.0,85.0,83.0,83.0,84.0,86.0,high,high,high,high,high,high,high,high,high
hitter,KC,HOU,Jac Caglianone,695506,6.0,RF,Expected Lineup,3.47,,,,,0.58,0.4,0.64,0.42,0.44,1.5,0.26,False,88.0,92.0,88.0,80.0,85.0,83.0,83.0,84.0,86.0,high,high,high,high,high,high,high,high,high
hitter,KC,HOU,Michael Massey,686681,7.0,2B,Expected Lineup,2.94,,,,,0.47,0.23,0.48,0.27,0.24,0.99,0.12,False,88.0,92.0,88.0,80.0,85.0,83.0,83.0,84.0,86.0,high,high,high,high,high,high,high,high,high
hitter,KC,HOU,Isaac Collins,686555,8.0,LF,Expected Lineup,4.01,,,,,0.64,0.46,0.76,0.42,0.35,1.54,0.15,False,88.0,92.0,88.0,80.0,85.0,83.0,83.0,84.0,86.0,high,high,high,high,high,high,high,high,high
hitter,KC,HOU,Lane Thomas,657041,9.0,CF,Expected Lineup,2.33,,,,,0.58,0.36,0.38,0.25,0.2,0.82,0.11,False,88.0,92.0,88.0,80.0,85.0,83.0,83.0,84.0,86.0,high,high,high,high,high,high,high,high,high
hitter,PHI,MIL,Kyle Schwarber,656941,1.0,DH,Expected Lineup,3.61,,,,,1.74,0.2,0.44,0.26,0.2,0.89,0.08,False,74.0,78.0,74.0,66.0,71.0,69.0,69.0,70.0,72.0,medium,medium,medium,medium,medium,medium,medium,medium,medium
hitter,PHI,MIL,Trea Turner,607208,2.0,SS,Expected Lineup,3.68,,,,,1.22,0.09,0.54,0.25,0.19,0.97,0.02,False,74.0,78.0,74.0,66.0,71.0,69.0,69.0,70.0,72.0,medium,medium,medium,medium,medium,medium,medium,medium,medium
hitter,PHI,MIL,Bryce Harper,547180,3.0,1B,Expected Lineup,3.7,,,,,1.36,0.15,0.51,0.24,0.2,0.94,0.01,False,74.0,78.0,74.0,66.0,71.0,69.0,69.0,70.0,72.0,medium,medium,medium,medium,medium,medium,medium,medium,medium
hitter,PHI,MIL,Brandon Marsh,669016,4.0,RF,Expected Lineup,3.3,,,,,1.08,0.05,0.51,0.22,0.2,0.93,0.02,False,74.0,78.0,74.0,66.0,71.0,69.0,69.0,70.0,72.0,medium,medium,medium,medium,medium,medium,medium,medium,medium
hitter,PHI,MIL,Alec Bohm,664761,5.0,3B,Expected Lineup,3.36,,,,,1.08,0.09,0.44,0.19,0.16,0.79,0.0,False,74.0,78.0,74.0,66.0,71.0,69.0,69.0,70.0,72.0,medium,medium,medium,medium,medium,medium,medium,medium,medium
hitter,PHI,MIL,J.T. Realmuto,592663,6.0,C,Expected Lineup,3.34,,,,,0.97,0.05,0.48,0.18,0.18,0.85,0.01,False,74.0,78.0,74.0,66.0,71.0,69.0,69.0,70.0,72.0,medium,medium,medium,medium,medium,medium,medium,medium,medium
hitter,PHI,MIL,Edmundo Sosa,624641,7.0,LF,Expected Lineup,2.44,,,,,0.67,0.21,0.4,0.21,0.17,0.78,0.07,False,74.0,78.0,74.0,66.0,71.0,69.0,69.0,70.0,72.0,medium,medium,medium,medium,medium,medium,medium,medium,medium
hitter,PHI,MIL,Bryson Stott,681082,8.0,2B,Expected Lineup,3.25,,,,,1.14,0.14,0.49,0.19,0.16,0.83,0.0,False,74.0,78.0,74.0,66.0,71.0,69.0,69.0,70.0,72.0,medium,medium,medium,medium,medium,medium,medium,medium,medium
hitter,PHI,MIL,Derek Hill,656537,9.0,CF,Expected Lineup,3.01,,,,,0.83,0.14,0.49,0.19,0.16,0.84,0.0,False,74.0,78.0,74.0,66.0,71.0,69.0,69.0,70.0,72.0,medium,medium,medium,medium,medium,medium,medium,medium,medium
hitter,MIL,PHI,Christian Yelich,592885,1.0,DH,Expected Lineup,3.87,,,,,0.97,0.18,1.11,0.51,0.4,2.02,0.05,False,88.0,92.0,88.0,80.0,85.0,83.0,83.0,84.0,86.0,high,high,high,high,high,high,high,high,high
hitter,MIL,PHI,Jackson Chourio,694192,2.0,LF,Expected Lineup,4.28,,,,,1.02,0.23,1.32,0.61,0.47,2.4,0.07,False,88.0,92.0,88.0,80.0,85.0,83.0,83.0,84.0,86.0,high,high,high,high,high,high,high,high,high
hitter,MIL,PHI,Brice Turang,668930,3.0,2B,Expected Lineup,4.13,,,,,0.92,0.24,1.23,0.57,0.51,2.31,0.06,False,88.0,92.0,88.0,80.0,85.0,83.0,83.0,84.0,86.0,high,high,high,high,high,high,high,high,high
hitter,MIL,PHI,William Contreras,661388,4.0,C,Expected Lineup,4.41,,,,,0.68,0.21,1.4,0.61,0.53,2.55,0.02,False,88.0,92.0,88.0,80.0,85.0,83.0,83.0,84.0,86.0,high,high,high,high,high,high,high,high,high
hitter,MIL,PHI,Jake Bauers,641343,5.0,1B,Expected Lineup,4.23,,,,,0.87,0.23,1.2,0.54,0.46,2.19,0.03,False,88.0,92.0,88.0,80.0,85.0,83.0,83.0,84.0,86.0,high,high,high,high,high,high,high,high,high
hitter,MIL,PHI,Garrett Mitchell,669003,6.0,CF,Expected Lineup,3.36,,,,,0.84,0.28,0.87,0.36,0.33,1.56,0.02,False,88.0,92.0,88.0,80.0,85.0,83.0,83.0,84.0,86.0,high,high,high,high,high,high,high,high,high
hitter,MIL,PHI,Sal Frelick,686217,7.0,RF,Expected Lineup,4.05,,,,,0.59,0.18,1.37,0.53,0.47,2.37,0.04,False,88.0,92.0,88.0,80.0,85.0,83.0,83.0,84.0,86.0,high,high,high,high,high,high,high,high,high
hitter,MIL,PHI,Luis Rengifo,650859,8.0,3B,Expected Lineup,3.77,,,,,0.6,0.19,1.09,0.42,0.37,1.88,0.02,False,88.0,92.0,88.0,80.0,85.0,83.0,83.0,84.0,86.0,high,high,high,high,high,high,high,high,high
hitter,MIL,PHI,David Hamilton,666152,9.0,SS,Expected Lineup,2.99,,,,,0.79,0.16,0.69,0.28,0.24,1.22,0.03,False,88.0,92.0,88.0,80.0,85.0,83.0,83.0,84.0,86.0,high,high,high,high,high,high,high,high,high
hitter,COL,ATH,Willi Castro,650489,1.0,LF,Expected Lineup,3.26,,,,,0.75,0.19,0.54,0.27,0.2,1.01,0.03,False,74.0,78.0,74.0,66.0,71.0,69.0,69.0,70.0,72.0,medium,medium,medium,medium,medium,medium,medium,medium,medium
hitter,COL,ATH,Kyle Karros,691720,2.0,3B,Expected Lineup,3.28,,,,,0.78,0.16,0.45,0.21,0.15,0.82,0.01,False,74.0,78.0,74.0,66.0,71.0,69.0,69.0,70.0,72.0,medium,medium,medium,medium,medium,medium,medium,medium,medium
hitter,COL,ATH,TJ Rumfield,681198,3.0,1B,Expected Lineup,3.83,,,,,0.52,0.17,0.67,0.32,0.27,1.26,0.03,False,74.0,78.0,74.0,66.0,71.0,69.0,69.0,70.0,72.0,medium,medium,medium,medium,medium,medium,medium,medium,medium
hitter,COL,ATH,Hunter Goodman,696100,4.0,C,Expected Lineup,3.6,,,,,0.92,0.19,0.54,0.32,0.3,1.16,0.12,False,74.0,78.0,74.0,66.0,71.0,69.0,69.0,70.0,72.0,medium,medium,medium,medium,medium,medium,medium,medium,medium
hitter,COL,ATH,Ezequiel Tovar,678662,5.0,SS,Expected Lineup,3.26,,,,,0.79,0.2,0.42,0.2,0.15,0.77,0.0,False,74.0,78.0,74.0,66.0,71.0,69.0,69.0,70.0,72.0,medium,medium,medium,medium,medium,medium,medium,medium,medium
hitter,COL,ATH,Jake McCarthy,664983,6.0,RF,Expected Lineup,3.86,,,,,0.53,0.13,0.5,0.21,0.2,0.91,0.02,False,74.0,78.0,74.0,66.0,71.0,69.0,69.0,70.0,72.0,medium,medium,medium,medium,medium,medium,medium,medium,medium
hitter,COL,ATH,Cole Carrigg,694249,7.0,CF,Expected Lineup,3.74,,,,,0.81,0.35,0.7,0.31,0.24,1.25,0.02,True,32.0,36.0,32.0,24.0,29.0,27.0,27.0,28.0,30.0,low,low,low,low,low,low,low,low,low
hitter,COL,ATH,Braxton Fulford,690924,8.0,DH,Expected Lineup,2.25,,,,,0.68,0.15,0.27,0.12,0.09,0.48,0.01,False,74.0,78.0,74.0,66.0,71.0,69.0,69.0,70.0,72.0,medium,medium,medium,medium,medium,medium,medium,medium,medium
hitter,COL,ATH,Chad Stevens,677060,9.0,2B,Expected Lineup,2.11,,,,,0.6,0.09,0.22,0.09,0.07,0.38,0.0,False,74.0,78.0,74.0,66.0,71.0,69.0,69.0,70.0,72.0,medium,medium,medium,medium,medium,medium,medium,medium,medium
hitter,ATH,COL,Shea Langeliers,669127,1.0,DH,Expected Lineup,4.72,,,,,0.69,0.46,1.19,0.82,0.7,2.71,0.44,False,88.0,92.0,88.0,80.0,85.0,83.0,83.0,84.0,86.0,high,high,high,high,high,high,high,high,high
hitter,ATH,COL,Nick Kurtz,701762,2.0,1B,Expected Lineup,4.8,,,,,0.98,0.72,1.04,0.76,0.59,2.39,0.36,False,88.0,92.0,88.0,80.0,85.0,83.0,83.0,84.0,86.0,high,high,high,high,high,high,high,high,high
hitter,ATH,COL,Colby Thomas,687515,3.0,RF,Expected Lineup,3.47,,,,,0.69,0.21,0.68,0.42,0.4,1.5,0.19,False,88.0,92.0,88.0,80.0,85.0,83.0,83.0,84.0,86.0,high,high,high,high,high,high,high,high,high
hitter,ATH,COL,Tyler Soderstrom,691016,4.0,LF,Expected Lineup,4.12,,,,,0.66,0.38,1.08,0.66,0.62,2.36,0.27,False,88.0,92.0,88.0,80.0,85.0,83.0,83.0,84.0,86.0,high,high,high,high,high,high,high,high,high
hitter,ATH,COL,Jacob Wilson,805779,5.0,SS,Expected Lineup,4.29,,,,,0.51,0.34,1.23,0.69,0.64,2.56,0.23,False,88.0,92.0,88.0,80.0,85.0,83.0,83.0,84.0,86.0,high,high,high,high,high,high,high,high,high
hitter,ATH,COL,Jonah Heim,641680,6.0,C,Expected Lineup,3.98,,,,,0.6,0.26,0.92,0.46,0.5,1.88,0.2,False,88.0,92.0,88.0,80.0,85.0,83.0,83.0,84.0,86.0,high,high,high,high,high,high,high,high,high
hitter,ATH,COL,Zack Gelof,680869,7.0,2B,Expected Lineup,4.05,,,,,0.77,0.4,1.09,0.56,0.51,2.16,0.22,False,88.0,92.0,88.0,80.0,85.0,83.0,83.0,84.0,86.0,high,high,high,high,high,high,high,high,high
hitter,ATH,COL,Max Muncy,691777,8.0,3B,Expected Lineup,3.33,,,,,0.78,0.41,0.9,0.46,0.4,1.76,0.16,False,88.0,92.0,88.0,80.0,85.0,83.0,83.0,84.0,86.0,high,high,high,high,high,high,high,high,high
hitter,ATH,COL,Henry Bolte,703607,9.0,CF,Expected Lineup,3.83,,,,,0.8,0.33,1.0,0.49,0.44,1.93,0.16,False,88.0,92.0,88.0,80.0,85.0,83.0,83.0,84.0,86.0,high,high,high,high,high,high,high,high,high
hitter,CHC,SF,Pete Crow-Armstrong,691718,1.0,CF,Expected Lineup,3.73,,,,,0.87,0.37,0.77,0.4,0.28,1.45,0.05,False,88.0,92.0,88.0,80.0,85.0,83.0,83.0,84.0,86.0,high,high,high,high,high,high,high,high,high
hitter,CHC,SF,Nico Hoerner,663538,2.0,2B,Expected Lineup,4.37,,,,,0.68,0.4,0.89,0.45,0.3,1.64,0.02,False,88.0,92.0,88.0,80.0,85.0,83.0,83.0,84.0,86.0,high,high,high,high,high,high,high,high,high
hitter,CHC,SF,Michael Busch,683737,3.0,1B,Expected Lineup,4.36,,,,,0.95,0.53,0.8,0.43,0.31,1.55,0.02,False,88.0,92.0,88.0,80.0,85.0,83.0,83.0,84.0,86.0,high,high,high,high,high,high,high,high,high
hitter,CHC,SF,Alex Bregman,608324,4.0,3B,Expected Lineup,4.26,,,,,0.85,0.47,0.73,0.39,0.28,1.4,0.02,False,88.0,92.0,88.0,80.0,85.0,83.0,83.0,84.0,86.0,high,high,high,high,high,high,high,high,high
hitter,CHC,SF,Ian Happ,664023,5.0,LF,Expected Lineup,4.4,,,,,1.12,0.57,0.79,0.47,0.36,1.62,0.08,False,88.0,92.0,88.0,80.0,85.0,83.0,83.0,84.0,86.0,high,high,high,high,high,high,high,high,high
hitter,CHC,SF,Seiya Suzuki,673548,6.0,RF,Expected Lineup,4.11,,,,,0.97,0.38,0.79,0.38,0.35,1.52,0.07,False,88.0,92.0,88.0,80.0,85.0,83.0,83.0,84.0,86.0,high,high,high,high,high,high,high,high,high
hitter,CHC,SF,Moisés Ballesteros,694208,7.0,DH,Expected Lineup,2.87,,,,,0.65,0.21,0.55,0.25,0.2,1.0,0.04,False,88.0,92.0,88.0,80.0,85.0,83.0,83.0,84.0,86.0,high,high,high,high,high,high,high,high,high
hitter,CHC,SF,Carson Kelly,608348,8.0,C,Expected Lineup,3.79,,,,,0.72,0.29,0.59,0.26,0.2,1.06,0.02,False,88.0,92.0,88.0,80.0,85.0,83.0,83.0,84.0,86.0,high,high,high,high,high,high,high,high,high
hitter,CHC,SF,Dansby Swanson,621020,9.0,SS,Expected Lineup,3.85,,,,,0.73,0.35,0.71,0.34,0.27,1.31,0.06,False,88.0,92.0,88.0,80.0,85.0,83.0,83.0,84.0,86.0,high,high,high,high,high,high,high,high,high
hitter,SF,CHC,Casey Schmitt,669477,1.0,LF,Expected Lineup,3.88,,,,,0.92,0.28,0.95,0.48,0.37,1.8,0.09,False,88.0,92.0,88.0,80.0,85.0,83.0,83.0,84.0,86.0,high,high,high,high,high,high,high,high,high
hitter,SF,CHC,Rafael Devers,646240,2.0,1B,Expected Lineup,3.92,,,,,1.02,0.34,0.91,0.44,0.31,1.67,0.03,False,88.0,92.0,88.0,80.0,85.0,83.0,83.0,84.0,86.0,high,high,high,high,high,high,high,high,high
hitter,SF,CHC,Luis Arraez,650333,3.0,2B,Expected Lineup,4.11,,,,,0.59,0.38,1.14,0.55,0.45,2.15,0.04,False,88.0,92.0,88.0,80.0,85.0,83.0,83.0,84.0,86.0,high,high,high,high,high,high,high,high,high
hitter,SF,CHC,Willy Adames,642715,4.0,SS,Expected Lineup,4.0,,,,,1.02,0.29,0.88,0.43,0.35,1.66,0.03,False,88.0,92.0,88.0,80.0,85.0,83.0,83.0,84.0,86.0,high,high,high,high,high,high,high,high,high
hitter,SF,CHC,Jung Hoo Lee,808982,5.0,RF,Expected Lineup,4.1,,,,,0.54,0.24,1.12,0.5,0.43,2.04,0.02,False,88.0,92.0,88.0,80.0,85.0,83.0,83.0,84.0,86.0,high,high,high,high,high,high,high,high,high
hitter,SF,CHC,Matt Chapman,656305,6.0,3B,Expected Lineup,4.1,,,,,1.06,0.43,0.9,0.43,0.41,1.74,0.1,False,88.0,92.0,88.0,80.0,85.0,83.0,83.0,84.0,86.0,high,high,high,high,high,high,high,high,high
hitter,SF,CHC,Bryce Eldridge,805811,7.0,DH,Expected Lineup,4.06,,,,,1.11,0.29,0.8,0.36,0.3,1.45,0.05,False,88.0,92.0,88.0,80.0,85.0,83.0,83.0,84.0,86.0,high,high,high,high,high,high,high,high,high
hitter,SF,CHC,Daniel Susac,691740,8.0,C,Expected Lineup,3.14,,,,,0.74,0.28,0.78,0.34,0.29,1.41,0.05,False,88.0,92.0,88.0,80.0,85.0,83.0,83.0,84.0,86.0,high,high,high,high,high,high,high,high,high
hitter,SF,CHC,Drew Gilbert,687551,9.0,CF,Expected Lineup,3.13,,,,,0.77,0.24,0.71,0.3,0.24,1.25,0.02,False,88.0,92.0,88.0,80.0,85.0,83.0,83.0,84.0,86.0,high,high,high,high,high,high,high,high,high
hitter,TB,LAA,Chandler Simpson,802415,1.0,LF,Expected Lineup,4.27,,,,,0.69,0.21,0.92,0.41,0.3,1.62,0.0,False,88.0,92.0,88.0,80.0,85.0,83.0,83.0,84.0,86.0,high,high,high,high,high,high,high,high,high
hitter,TB,LAA,Junior Caminero,691406,2.0,3B,Expected Lineup,4.17,,,,,0.98,0.29,0.84,0.44,0.33,1.61,0.09,False,88.0,92.0,88.0,80.0,85.0,83.0,83.0,84.0,86.0,high,high,high,high,high,high,high,high,high
hitter,TB,LAA,Jonathan Aranda,666018,3.0,1B,Expected Lineup,4.04,,,,,1.14,0.3,0.8,0.41,0.34,1.54,0.06,False,88.0,92.0,88.0,80.0,85.0,83.0,83.0,84.0,86.0,high,high,high,high,high,high,high,high,high
hitter,TB,LAA,Yandy Díaz,650490,4.0,DH,Expected Lineup,4.03,,,,,0.85,0.2,0.79,0.37,0.32,1.48,0.04,False,88.0,92.0,88.0,80.0,85.0,83.0,83.0,84.0,86.0,high,high,high,high,high,high,high,high,high
hitter,TB,LAA,Richie Palacios,680700,5.0,2B,Expected Lineup,3.35,,,,,0.98,0.23,0.51,0.27,0.21,0.99,0.03,False,88.0,92.0,88.0,80.0,85.0,83.0,83.0,84.0,86.0,high,high,high,high,high,high,high,high,high
hitter,TB,LAA,Cedric Mullins,656775,6.0,CF,Expected Lineup,3.75,,,,,0.75,0.2,0.74,0.31,0.3,1.34,0.03,False,88.0,92.0,88.0,80.0,85.0,83.0,83.0,84.0,86.0,high,high,high,high,high,high,high,high,high
hitter,TB,LAA,Taylor Walls,670764,7.0,SS,Expected Lineup,3.44,,,,,0.96,0.23,0.64,0.27,0.22,1.14,0.02,False,88.0,92.0,88.0,80.0,85.0,83.0,83.0,84.0,86.0,high,high,high,high,high,high,high,high,high
hitter,TB,LAA,Victor Mesa Jr.,683748,8.0,RF,Expected Lineup,3.63,,,,,0.9,0.18,0.66,0.27,0.23,1.16,0.02,True,32.0,36.0,32.0,24.0,29.0,27.0,27.0,28.0,30.0,low,low,low,low,low,low,low,low,low
hitter,TB,LAA,Nick Fortes,663743,9.0,C,Expected Lineup,2.88,,,,,0.78,0.11,0.58,0.23,0.2,1.0,0.01,False,88.0,92.0,88.0,80.0,85.0,83.0,83.0,84.0,86.0,high,high,high,high,high,high,high,high,high
hitter,LAA,TB,Zach Neto,687263,1.0,SS,Expected Lineup,3.83,,,,,1.18,0.39,0.52,0.36,0.27,1.16,0.14,False,88.0,92.0,88.0,80.0,85.0,83.0,83.0,84.0,86.0,high,high,high,high,high,high,high,high,high
hitter,LAA,TB,Mike Trout,545361,2.0,CF,Expected Lineup,3.9,,,,,1.25,0.48,0.77,0.52,0.4,1.69,0.21,False,88.0,92.0,88.0,80.0,85.0,83.0,83.0,84.0,86.0,high,high,high,high,high,high,high,high,high
hitter,LAA,TB,Wade Meckler,685133,3.0,LF,Expected Lineup,3.47,,,,,0.89,0.29,0.56,0.33,0.27,1.16,0.08,False,88.0,92.0,88.0,80.0,85.0,83.0,83.0,84.0,86.0,high,high,high,high,high,high,high,high,high
hitter,LAA,TB,Oswald Peraza,672724,4.0,2B,Expected Lineup,3.36,,,,,0.83,0.23,0.4,0.26,0.23,0.89,0.1,False,88.0,92.0,88.0,80.0,85.0,83.0,83.0,84.0,86.0,high,high,high,high,high,high,high,high,high
hitter,LAA,TB,Nolan Schanuel,694384,5.0,1B,Expected Lineup,3.67,,,,,0.82,0.27,0.65,0.35,0.3,1.3,0.07,False,88.0,92.0,88.0,80.0,85.0,83.0,83.0,84.0,86.0,high,high,high,high,high,high,high,high,high
hitter,LAA,TB,Jo Adell,666176,6.0,RF,Expected Lineup,3.65,,,,,1.15,0.26,0.57,0.33,0.35,1.26,0.17,False,88.0,92.0,88.0,80.0,85.0,83.0,83.0,84.0,86.0,high,high,high,high,high,high,high,high,high
hitter,LAA,TB,Denzer Guzman,694203,7.0,3B,Expected Lineup,3.72,,,,,0.9,0.28,0.56,0.29,0.25,1.1,0.09,True,32.0,36.0,32.0,24.0,29.0,27.0,27.0,28.0,30.0,low,low,low,low,low,low,low,low,low
hitter,LAA,TB,Nick Madrigal,663611,8.0,DH,Expected Lineup,3.65,,,,,0.9,0.28,0.56,0.29,0.25,1.1,0.09,True,32.0,36.0,32.0,24.0,29.0,27.0,27.0,28.0,30.0,low,low,low,low,low,low,low,low,low
hitter,LAA,TB,Logan O'Hoppe,681351,9.0,C,Expected Lineup,3.67,,,,,0.96,0.27,0.43,0.25,0.22,0.91,0.12,False,88.0,92.0,88.0,80.0,85.0,83.0,83.0,84.0,86.0,high,high,high,high,high,high,high,high,high
